-- RESTAURACIÓN SAM - SUPABASE 
-- Generado el 12-07-2025 18:51:17,17 
 
--
-- PostgreSQL database dump
--

-- Dumped from database version 17.5
-- Dumped by pg_dump version 17.5

SET statement_timeout = 0;
SET lock_timeout = 0;
SET idle_in_transaction_session_timeout = 0;
SET transaction_timeout = 0;
SET client_encoding = 'UTF8';
SET standard_conforming_strings = on;
SELECT pg_catalog.set_config('search_path', '', false);
SET check_function_bodies = false;
SET xmloption = content;
SET client_min_messages = warning;
SET row_security = off;

SET default_tablespace = '';

SET default_table_access_method = heap;

--
-- Name: auth_group; Type: TABLE; Schema: public; Owner: postgres
--

CREATE TABLE public.auth_group (
    id integer NOT NULL,
    name character varying(150) NOT NULL
);


ALTER TABLE public.auth_group OWNER TO postgres;

--
-- Name: auth_group_id_seq; Type: SEQUENCE; Schema: public; Owner: postgres
--

ALTER TABLE public.auth_group ALTER COLUMN id ADD GENERATED BY DEFAULT AS IDENTITY (
    SEQUENCE NAME public.auth_group_id_seq
    START WITH 1
    INCREMENT BY 1
    NO MINVALUE
    NO MAXVALUE
    CACHE 1
);


--
-- Name: auth_group_permissions; Type: TABLE; Schema: public; Owner: postgres
--

CREATE TABLE public.auth_group_permissions (
    id bigint NOT NULL,
    group_id integer NOT NULL,
    permission_id integer NOT NULL
);


ALTER TABLE public.auth_group_permissions OWNER TO postgres;

--
-- Name: auth_group_permissions_id_seq; Type: SEQUENCE; Schema: public; Owner: postgres
--

ALTER TABLE public.auth_group_permissions ALTER COLUMN id ADD GENERATED BY DEFAULT AS IDENTITY (
    SEQUENCE NAME public.auth_group_permissions_id_seq
    START WITH 1
    INCREMENT BY 1
    NO MINVALUE
    NO MAXVALUE
    CACHE 1
);


--
-- Name: auth_permission; Type: TABLE; Schema: public; Owner: postgres
--

CREATE TABLE public.auth_permission (
    id integer NOT NULL,
    name character varying(255) NOT NULL,
    content_type_id integer NOT NULL,
    codename character varying(100) NOT NULL
);


ALTER TABLE public.auth_permission OWNER TO postgres;

--
-- Name: auth_permission_id_seq; Type: SEQUENCE; Schema: public; Owner: postgres
--

ALTER TABLE public.auth_permission ALTER COLUMN id ADD GENERATED BY DEFAULT AS IDENTITY (
    SEQUENCE NAME public.auth_permission_id_seq
    START WITH 1
    INCREMENT BY 1
    NO MINVALUE
    NO MAXVALUE
    CACHE 1
);


--
-- Name: auth_user; Type: TABLE; Schema: public; Owner: postgres
--

CREATE TABLE public.auth_user (
    id integer NOT NULL,
    password character varying(128) NOT NULL,
    last_login timestamp with time zone,
    is_superuser boolean NOT NULL,
    username character varying(150) NOT NULL,
    first_name character varying(150) NOT NULL,
    last_name character varying(150) NOT NULL,
    email character varying(254) NOT NULL,
    is_staff boolean NOT NULL,
    is_active boolean NOT NULL,
    date_joined timestamp with time zone NOT NULL
);


ALTER TABLE public.auth_user OWNER TO postgres;

--
-- Name: auth_user_groups; Type: TABLE; Schema: public; Owner: postgres
--

CREATE TABLE public.auth_user_groups (
    id bigint NOT NULL,
    user_id integer NOT NULL,
    group_id integer NOT NULL
);


ALTER TABLE public.auth_user_groups OWNER TO postgres;

--
-- Name: auth_user_groups_id_seq; Type: SEQUENCE; Schema: public; Owner: postgres
--

ALTER TABLE public.auth_user_groups ALTER COLUMN id ADD GENERATED BY DEFAULT AS IDENTITY (
    SEQUENCE NAME public.auth_user_groups_id_seq
    START WITH 1
    INCREMENT BY 1
    NO MINVALUE
    NO MAXVALUE
    CACHE 1
);


--
-- Name: auth_user_id_seq; Type: SEQUENCE; Schema: public; Owner: postgres
--

ALTER TABLE public.auth_user ALTER COLUMN id ADD GENERATED BY DEFAULT AS IDENTITY (
    SEQUENCE NAME public.auth_user_id_seq
    START WITH 1
    INCREMENT BY 1
    NO MINVALUE
    NO MAXVALUE
    CACHE 1
);


--
-- Name: auth_user_user_permissions; Type: TABLE; Schema: public; Owner: postgres
--

CREATE TABLE public.auth_user_user_permissions (
    id bigint NOT NULL,
    user_id integer NOT NULL,
    permission_id integer NOT NULL
);


ALTER TABLE public.auth_user_user_permissions OWNER TO postgres;

--
-- Name: auth_user_user_permissions_id_seq; Type: SEQUENCE; Schema: public; Owner: postgres
--

ALTER TABLE public.auth_user_user_permissions ALTER COLUMN id ADD GENERATED BY DEFAULT AS IDENTITY (
    SEQUENCE NAME public.auth_user_user_permissions_id_seq
    START WITH 1
    INCREMENT BY 1
    NO MINVALUE
    NO MAXVALUE
    CACHE 1
);


--
-- Name: django_admin_log; Type: TABLE; Schema: public; Owner: postgres
--

CREATE TABLE public.django_admin_log (
    id integer NOT NULL,
    action_time timestamp with time zone NOT NULL,
    object_id text,
    object_repr character varying(200) NOT NULL,
    action_flag smallint NOT NULL,
    change_message text NOT NULL,
    content_type_id integer,
    user_id integer NOT NULL,
    CONSTRAINT django_admin_log_action_flag_check CHECK ((action_flag >= 0))
);


ALTER TABLE public.django_admin_log OWNER TO postgres;

--
-- Name: django_admin_log_id_seq; Type: SEQUENCE; Schema: public; Owner: postgres
--

ALTER TABLE public.django_admin_log ALTER COLUMN id ADD GENERATED BY DEFAULT AS IDENTITY (
    SEQUENCE NAME public.django_admin_log_id_seq
    START WITH 1
    INCREMENT BY 1
    NO MINVALUE
    NO MAXVALUE
    CACHE 1
);


--
-- Name: django_content_type; Type: TABLE; Schema: public; Owner: postgres
--

CREATE TABLE public.django_content_type (
    id integer NOT NULL,
    app_label character varying(100) NOT NULL,
    model character varying(100) NOT NULL
);


ALTER TABLE public.django_content_type OWNER TO postgres;

--
-- Name: django_content_type_id_seq; Type: SEQUENCE; Schema: public; Owner: postgres
--

ALTER TABLE public.django_content_type ALTER COLUMN id ADD GENERATED BY DEFAULT AS IDENTITY (
    SEQUENCE NAME public.django_content_type_id_seq
    START WITH 1
    INCREMENT BY 1
    NO MINVALUE
    NO MAXVALUE
    CACHE 1
);


--
-- Name: django_migrations; Type: TABLE; Schema: public; Owner: postgres
--

CREATE TABLE public.django_migrations (
    id bigint NOT NULL,
    app character varying(255) NOT NULL,
    name character varying(255) NOT NULL,
    applied timestamp with time zone NOT NULL
);


ALTER TABLE public.django_migrations OWNER TO postgres;

--
-- Name: django_migrations_id_seq; Type: SEQUENCE; Schema: public; Owner: postgres
--

ALTER TABLE public.django_migrations ALTER COLUMN id ADD GENERATED BY DEFAULT AS IDENTITY (
    SEQUENCE NAME public.django_migrations_id_seq
    START WITH 1
    INCREMENT BY 1
    NO MINVALUE
    NO MAXVALUE
    CACHE 1
);


--
-- Name: django_session; Type: TABLE; Schema: public; Owner: postgres
--

CREATE TABLE public.django_session (
    session_key character varying(40) NOT NULL,
    session_data text NOT NULL,
    expire_date timestamp with time zone NOT NULL
);


ALTER TABLE public.django_session OWNER TO postgres;

--
-- Name: smapp_anotacion; Type: TABLE; Schema: public; Owner: postgres
--

CREATE TABLE public.smapp_anotacion (
    id bigint NOT NULL,
    tipo character varying(10) NOT NULL,
    categoria character varying(15) NOT NULL,
    titulo character varying(200) NOT NULL,
    descripcion text NOT NULL,
    puntos integer NOT NULL,
    fecha_creacion timestamp with time zone NOT NULL,
    fecha_modificacion timestamp with time zone NOT NULL,
    es_grave boolean NOT NULL,
    requiere_atencion_apoderado boolean NOT NULL,
    comunicado_apoderado boolean NOT NULL,
    fecha_comunicacion_apoderado timestamp with time zone,
    asignatura_id bigint,
    curso_id bigint NOT NULL,
    estudiante_id bigint,
    profesor_autor_id bigint NOT NULL
);


ALTER TABLE public.smapp_anotacion OWNER TO postgres;

--
-- Name: smapp_anotacion_id_seq; Type: SEQUENCE; Schema: public; Owner: postgres
--

ALTER TABLE public.smapp_anotacion ALTER COLUMN id ADD GENERATED BY DEFAULT AS IDENTITY (
    SEQUENCE NAME public.smapp_anotacion_id_seq
    START WITH 1
    INCREMENT BY 1
    NO MINVALUE
    NO MAXVALUE
    CACHE 1
);


--
-- Name: smapp_apoderado; Type: TABLE; Schema: public; Owner: postgres
--

CREATE TABLE public.smapp_apoderado (
    id bigint NOT NULL,
    primer_nombre character varying(100) NOT NULL,
    segundo_nombre character varying(100),
    apellido_paterno character varying(100) NOT NULL,
    apellido_materno character varying(100),
    tipo_documento character varying(2) NOT NULL,
    numero_documento character varying(12) NOT NULL,
    fecha_nacimiento date NOT NULL,
    genero character varying(1) NOT NULL,
    direccion character varying(255),
    telefono character varying(20),
    email character varying(254) NOT NULL,
    ocupacion character varying(100),
    fecha_registro date NOT NULL,
    user_id integer,
    telefono_emergencia character varying(20),
    activo boolean NOT NULL,
    codigo_apoderado character varying(20) NOT NULL,
    parentesco_principal character varying(10) NOT NULL,
    profesor_id bigint
);


ALTER TABLE public.smapp_apoderado OWNER TO postgres;

--
-- Name: smapp_apoderado_id_seq; Type: SEQUENCE; Schema: public; Owner: postgres
--

ALTER TABLE public.smapp_apoderado ALTER COLUMN id ADD GENERATED BY DEFAULT AS IDENTITY (
    SEQUENCE NAME public.smapp_apoderado_id_seq
    START WITH 1
    INCREMENT BY 1
    NO MINVALUE
    NO MAXVALUE
    CACHE 1
);


--
-- Name: smapp_asignatura; Type: TABLE; Schema: public; Owner: postgres
--

CREATE TABLE public.smapp_asignatura (
    id bigint NOT NULL,
    nombre character varying(100) NOT NULL,
    codigo_asignatura character varying(10) NOT NULL,
    descripcion text,
    profesor_responsable_id bigint
);


ALTER TABLE public.smapp_asignatura OWNER TO postgres;

--
-- Name: smapp_asignatura_id_seq; Type: SEQUENCE; Schema: public; Owner: postgres
--

ALTER TABLE public.smapp_asignatura ALTER COLUMN id ADD GENERATED BY DEFAULT AS IDENTITY (
    SEQUENCE NAME public.smapp_asignatura_id_seq
    START WITH 1
    INCREMENT BY 1
    NO MINVALUE
    NO MAXVALUE
    CACHE 1
);


--
-- Name: smapp_asistenciaalumno; Type: TABLE; Schema: public; Owner: postgres
--

CREATE TABLE public.smapp_asistenciaalumno (
    id bigint NOT NULL,
    fecha date NOT NULL,
    presente boolean NOT NULL,
    observacion character varying(255),
    asignatura_id bigint NOT NULL,
    estudiante_id bigint NOT NULL,
    curso_id bigint NOT NULL,
    fecha_creacion timestamp with time zone NOT NULL,
    fecha_modificacion timestamp with time zone NOT NULL,
    hora_registro time without time zone NOT NULL,
    justificacion text,
    profesor_registro_id bigint
);


ALTER TABLE public.smapp_asistenciaalumno OWNER TO postgres;

--
-- Name: smapp_asistenciaalumno_id_seq; Type: SEQUENCE; Schema: public; Owner: postgres
--

ALTER TABLE public.smapp_asistenciaalumno ALTER COLUMN id ADD GENERATED BY DEFAULT AS IDENTITY (
    SEQUENCE NAME public.smapp_asistenciaalumno_id_seq
    START WITH 1
    INCREMENT BY 1
    NO MINVALUE
    NO MAXVALUE
    CACHE 1
);


--
-- Name: smapp_asistenciaprofesor; Type: TABLE; Schema: public; Owner: postgres
--

CREATE TABLE public.smapp_asistenciaprofesor (
    id bigint NOT NULL,
    fecha date NOT NULL,
    presente boolean NOT NULL,
    observacion character varying(255),
    asignatura_id bigint,
    profesor_id bigint NOT NULL,
    curso_id bigint,
    fecha_creacion timestamp with time zone NOT NULL,
    fecha_modificacion timestamp with time zone NOT NULL,
    hora_registro time without time zone NOT NULL,
    justificacion text,
    registrado_por_usuario_id integer
);


ALTER TABLE public.smapp_asistenciaprofesor OWNER TO postgres;

--
-- Name: smapp_asistenciaprofesor_id_seq; Type: SEQUENCE; Schema: public; Owner: postgres
--

ALTER TABLE public.smapp_asistenciaprofesor ALTER COLUMN id ADD GENERATED BY DEFAULT AS IDENTITY (
    SEQUENCE NAME public.smapp_asistenciaprofesor_id_seq
    START WITH 1
    INCREMENT BY 1
    NO MINVALUE
    NO MAXVALUE
    CACHE 1
);


--
-- Name: smapp_calificacion; Type: TABLE; Schema: public; Owner: postgres
--

CREATE TABLE public.smapp_calificacion (
    id bigint NOT NULL,
    nombre_evaluacion character varying(100) NOT NULL,
    puntaje numeric(5,2) NOT NULL,
    fecha_evaluacion date NOT NULL,
    inscripcion_id bigint NOT NULL,
    descripcion text,
    detalle character varying(255),
    porcentaje numeric(5,2) NOT NULL
);


ALTER TABLE public.smapp_calificacion OWNER TO postgres;

--
-- Name: smapp_calificacion_id_seq; Type: SEQUENCE; Schema: public; Owner: postgres
--

ALTER TABLE public.smapp_calificacion ALTER COLUMN id ADD GENERATED BY DEFAULT AS IDENTITY (
    SEQUENCE NAME public.smapp_calificacion_id_seq
    START WITH 1
    INCREMENT BY 1
    NO MINVALUE
    NO MAXVALUE
    CACHE 1
);


--
-- Name: smapp_curso; Type: TABLE; Schema: public; Owner: postgres
--

CREATE TABLE public.smapp_curso (
    id bigint NOT NULL,
    anio integer NOT NULL,
    nivel character varying(2) NOT NULL,
    paralelo character varying(1) NOT NULL,
    profesor_jefe_id bigint
);


ALTER TABLE public.smapp_curso OWNER TO postgres;

--
-- Name: smapp_curso_asignaturas; Type: TABLE; Schema: public; Owner: postgres
--

CREATE TABLE public.smapp_curso_asignaturas (
    id bigint NOT NULL,
    curso_id bigint NOT NULL,
    asignatura_id bigint NOT NULL
);


ALTER TABLE public.smapp_curso_asignaturas OWNER TO postgres;

--
-- Name: smapp_curso_asignaturas_id_seq; Type: SEQUENCE; Schema: public; Owner: postgres
--

ALTER TABLE public.smapp_curso_asignaturas ALTER COLUMN id ADD GENERATED BY DEFAULT AS IDENTITY (
    SEQUENCE NAME public.smapp_curso_asignaturas_id_seq
    START WITH 1
    INCREMENT BY 1
    NO MINVALUE
    NO MAXVALUE
    CACHE 1
);


--
-- Name: smapp_curso_estudiantes; Type: TABLE; Schema: public; Owner: postgres
--

CREATE TABLE public.smapp_curso_estudiantes (
    id bigint NOT NULL,
    curso_id bigint NOT NULL,
    estudiante_id bigint NOT NULL
);


ALTER TABLE public.smapp_curso_estudiantes OWNER TO postgres;

--
-- Name: smapp_curso_estudiantes_id_seq; Type: SEQUENCE; Schema: public; Owner: postgres
--

ALTER TABLE public.smapp_curso_estudiantes ALTER COLUMN id ADD GENERATED BY DEFAULT AS IDENTITY (
    SEQUENCE NAME public.smapp_curso_estudiantes_id_seq
    START WITH 1
    INCREMENT BY 1
    NO MINVALUE
    NO MAXVALUE
    CACHE 1
);


--
-- Name: smapp_curso_id_seq; Type: SEQUENCE; Schema: public; Owner: postgres
--

ALTER TABLE public.smapp_curso ALTER COLUMN id ADD GENERATED BY DEFAULT AS IDENTITY (
    SEQUENCE NAME public.smapp_curso_id_seq
    START WITH 1
    INCREMENT BY 1
    NO MINVALUE
    NO MAXVALUE
    CACHE 1
);


--
-- Name: smapp_estudiante; Type: TABLE; Schema: public; Owner: postgres
--

CREATE TABLE public.smapp_estudiante (
    id bigint NOT NULL,
    primer_nombre character varying(100) NOT NULL,
    segundo_nombre character varying(100),
    apellido_paterno character varying(100) NOT NULL,
    apellido_materno character varying(100),
    tipo_documento character varying(2) NOT NULL,
    numero_documento character varying(12) NOT NULL,
    fecha_nacimiento date NOT NULL,
    genero character varying(1) NOT NULL,
    direccion character varying(255),
    telefono character varying(20),
    email character varying(254) NOT NULL,
    codigo_estudiante character varying(20) NOT NULL,
    fecha_ingreso date NOT NULL,
    user_id integer
);


ALTER TABLE public.smapp_estudiante OWNER TO postgres;

--
-- Name: smapp_estudiante_id_seq; Type: SEQUENCE; Schema: public; Owner: postgres
--

ALTER TABLE public.smapp_estudiante ALTER COLUMN id ADD GENERATED BY DEFAULT AS IDENTITY (
    SEQUENCE NAME public.smapp_estudiante_id_seq
    START WITH 1
    INCREMENT BY 1
    NO MINVALUE
    NO MAXVALUE
    CACHE 1
);


--
-- Name: smapp_eventocalendario; Type: TABLE; Schema: public; Owner: postgres
--

CREATE TABLE public.smapp_eventocalendario (
    id bigint NOT NULL,
    titulo character varying(200) NOT NULL,
    descripcion text,
    fecha date NOT NULL,
    prioridad character varying(10) NOT NULL,
    creado_en timestamp with time zone NOT NULL,
    creado_por_id integer,
    hora_fin time without time zone,
    hora_inicio time without time zone,
    para_todos_los_cursos boolean NOT NULL,
    tipo_evento character varying(15) NOT NULL,
    solo_profesores boolean NOT NULL
);


ALTER TABLE public.smapp_eventocalendario OWNER TO postgres;

--
-- Name: smapp_eventocalendario_cursos; Type: TABLE; Schema: public; Owner: postgres
--

CREATE TABLE public.smapp_eventocalendario_cursos (
    id bigint NOT NULL,
    eventocalendario_id bigint NOT NULL,
    curso_id bigint NOT NULL
);


ALTER TABLE public.smapp_eventocalendario_cursos OWNER TO postgres;

--
-- Name: smapp_eventocalendario_cursos_id_seq; Type: SEQUENCE; Schema: public; Owner: postgres
--

ALTER TABLE public.smapp_eventocalendario_cursos ALTER COLUMN id ADD GENERATED BY DEFAULT AS IDENTITY (
    SEQUENCE NAME public.smapp_eventocalendario_cursos_id_seq
    START WITH 1
    INCREMENT BY 1
    NO MINVALUE
    NO MAXVALUE
    CACHE 1
);


--
-- Name: smapp_eventocalendario_id_seq; Type: SEQUENCE; Schema: public; Owner: postgres
--

ALTER TABLE public.smapp_eventocalendario ALTER COLUMN id ADD GENERATED BY DEFAULT AS IDENTITY (
    SEQUENCE NAME public.smapp_eventocalendario_id_seq
    START WITH 1
    INCREMENT BY 1
    NO MINVALUE
    NO MAXVALUE
    CACHE 1
);


--
-- Name: smapp_grupo; Type: TABLE; Schema: public; Owner: postgres
--

CREATE TABLE public.smapp_grupo (
    id bigint NOT NULL,
    capacidad_maxima integer NOT NULL,
    asignatura_id bigint NOT NULL,
    periodo_academico_id bigint NOT NULL,
    profesor_id bigint,
    salon_id bigint
);


ALTER TABLE public.smapp_grupo OWNER TO postgres;

--
-- Name: smapp_grupo_id_seq; Type: SEQUENCE; Schema: public; Owner: postgres
--

ALTER TABLE public.smapp_grupo ALTER COLUMN id ADD GENERATED BY DEFAULT AS IDENTITY (
    SEQUENCE NAME public.smapp_grupo_id_seq
    START WITH 1
    INCREMENT BY 1
    NO MINVALUE
    NO MAXVALUE
    CACHE 1
);


--
-- Name: smapp_horariocurso; Type: TABLE; Schema: public; Owner: postgres
--

CREATE TABLE public.smapp_horariocurso (
    id bigint NOT NULL,
    dia character varying(2) NOT NULL,
    hora_inicio time without time zone NOT NULL,
    hora_fin time without time zone NOT NULL,
    curso_id bigint NOT NULL,
    asignatura_id bigint
);


ALTER TABLE public.smapp_horariocurso OWNER TO postgres;

--
-- Name: smapp_horariocurso_id_seq; Type: SEQUENCE; Schema: public; Owner: postgres
--

ALTER TABLE public.smapp_horariocurso ALTER COLUMN id ADD GENERATED BY DEFAULT AS IDENTITY (
    SEQUENCE NAME public.smapp_horariocurso_id_seq
    START WITH 1
    INCREMENT BY 1
    NO MINVALUE
    NO MAXVALUE
    CACHE 1
);


--
-- Name: smapp_inscripcion; Type: TABLE; Schema: public; Owner: postgres
--

CREATE TABLE public.smapp_inscripcion (
    id bigint NOT NULL,
    fecha_inscripcion date NOT NULL,
    calificacion_final numeric(5,2),
    estudiante_id bigint NOT NULL,
    grupo_id bigint NOT NULL
);


ALTER TABLE public.smapp_inscripcion OWNER TO postgres;

--
-- Name: smapp_inscripcion_id_seq; Type: SEQUENCE; Schema: public; Owner: postgres
--

ALTER TABLE public.smapp_inscripcion ALTER COLUMN id ADD GENERATED BY DEFAULT AS IDENTITY (
    SEQUENCE NAME public.smapp_inscripcion_id_seq
    START WITH 1
    INCREMENT BY 1
    NO MINVALUE
    NO MAXVALUE
    CACHE 1
);


--
-- Name: smapp_perfil; Type: TABLE; Schema: public; Owner: postgres
--

CREATE TABLE public.smapp_perfil (
    id bigint NOT NULL,
    tipo_usuario character varying(10) NOT NULL,
    user_id integer NOT NULL
);


ALTER TABLE public.smapp_perfil OWNER TO postgres;

--
-- Name: smapp_perfil_id_seq; Type: SEQUENCE; Schema: public; Owner: postgres
--

ALTER TABLE public.smapp_perfil ALTER COLUMN id ADD GENERATED BY DEFAULT AS IDENTITY (
    SEQUENCE NAME public.smapp_perfil_id_seq
    START WITH 1
    INCREMENT BY 1
    NO MINVALUE
    NO MAXVALUE
    CACHE 1
);


--
-- Name: smapp_periodoacademico; Type: TABLE; Schema: public; Owner: postgres
--

CREATE TABLE public.smapp_periodoacademico (
    id bigint NOT NULL,
    nombre character varying(100) NOT NULL,
    fecha_inicio date NOT NULL,
    fecha_fin date NOT NULL,
    activo boolean NOT NULL
);


ALTER TABLE public.smapp_periodoacademico OWNER TO postgres;

--
-- Name: smapp_periodoacademico_id_seq; Type: SEQUENCE; Schema: public; Owner: postgres
--

ALTER TABLE public.smapp_periodoacademico ALTER COLUMN id ADD GENERATED BY DEFAULT AS IDENTITY (
    SEQUENCE NAME public.smapp_periodoacademico_id_seq
    START WITH 1
    INCREMENT BY 1
    NO MINVALUE
    NO MAXVALUE
    CACHE 1
);


--
-- Name: smapp_profesor; Type: TABLE; Schema: public; Owner: postgres
--

CREATE TABLE public.smapp_profesor (
    id bigint NOT NULL,
    primer_nombre character varying(100) NOT NULL,
    segundo_nombre character varying(100),
    apellido_paterno character varying(100) NOT NULL,
    apellido_materno character varying(100),
    tipo_documento character varying(2) NOT NULL,
    numero_documento character varying(12) NOT NULL,
    fecha_nacimiento date NOT NULL,
    genero character varying(1) NOT NULL,
    direccion character varying(255),
    telefono character varying(20),
    email character varying(254) NOT NULL,
    codigo_profesor character varying(20) NOT NULL,
    especialidad character varying(100) NOT NULL,
    fecha_contratacion date NOT NULL,
    user_id integer
);


ALTER TABLE public.smapp_profesor OWNER TO postgres;

--
-- Name: smapp_profesor_asignaturas; Type: TABLE; Schema: public; Owner: postgres
--

CREATE TABLE public.smapp_profesor_asignaturas (
    id bigint NOT NULL,
    profesor_id bigint NOT NULL,
    asignatura_id bigint NOT NULL
);


ALTER TABLE public.smapp_profesor_asignaturas OWNER TO postgres;

--
-- Name: smapp_profesor_asignaturas_id_seq; Type: SEQUENCE; Schema: public; Owner: postgres
--

ALTER TABLE public.smapp_profesor_asignaturas ALTER COLUMN id ADD GENERATED BY DEFAULT AS IDENTITY (
    SEQUENCE NAME public.smapp_profesor_asignaturas_id_seq
    START WITH 1
    INCREMENT BY 1
    NO MINVALUE
    NO MAXVALUE
    CACHE 1
);


--
-- Name: smapp_profesor_id_seq; Type: SEQUENCE; Schema: public; Owner: postgres
--

ALTER TABLE public.smapp_profesor ALTER COLUMN id ADD GENERATED BY DEFAULT AS IDENTITY (
    SEQUENCE NAME public.smapp_profesor_id_seq
    START WITH 1
    INCREMENT BY 1
    NO MINVALUE
    NO MAXVALUE
    CACHE 1
);


--
-- Name: smapp_relacionapoderadoestudiante; Type: TABLE; Schema: public; Owner: postgres
--

CREATE TABLE public.smapp_relacionapoderadoestudiante (
    id bigint NOT NULL,
    parentesco character varying(10) NOT NULL,
    es_apoderado_principal boolean NOT NULL,
    puede_autorizar boolean NOT NULL,
    puede_retirar boolean NOT NULL,
    activa boolean NOT NULL,
    fecha_asignacion date NOT NULL,
    apoderado_id bigint NOT NULL,
    estudiante_id bigint NOT NULL
);


ALTER TABLE public.smapp_relacionapoderadoestudiante OWNER TO postgres;

--
-- Name: smapp_relacionapoderadoestudiante_id_seq; Type: SEQUENCE; Schema: public; Owner: postgres
--

ALTER TABLE public.smapp_relacionapoderadoestudiante ALTER COLUMN id ADD GENERATED BY DEFAULT AS IDENTITY (
    SEQUENCE NAME public.smapp_relacionapoderadoestudiante_id_seq
    START WITH 1
    INCREMENT BY 1
    NO MINVALUE
    NO MAXVALUE
    CACHE 1
);


--
-- Name: smapp_salon; Type: TABLE; Schema: public; Owner: postgres
--

CREATE TABLE public.smapp_salon (
    id bigint NOT NULL,
    numero_salon character varying(10) NOT NULL,
    capacidad integer NOT NULL,
    ubicacion character varying(100)
);


ALTER TABLE public.smapp_salon OWNER TO postgres;

--
-- Name: smapp_salon_id_seq; Type: SEQUENCE; Schema: public; Owner: postgres
--

ALTER TABLE public.smapp_salon ALTER COLUMN id ADD GENERATED BY DEFAULT AS IDENTITY (
    SEQUENCE NAME public.smapp_salon_id_seq
    START WITH 1
    INCREMENT BY 1
    NO MINVALUE
    NO MAXVALUE
    CACHE 1
);


--
-- Data for Name: auth_group; Type: TABLE DATA; Schema: public; Owner: postgres
--

COPY public.auth_group (id, name) FROM stdin;
\.


--
-- Data for Name: auth_group_permissions; Type: TABLE DATA; Schema: public; Owner: postgres
--

COPY public.auth_group_permissions (id, group_id, permission_id) FROM stdin;
\.


--
-- Data for Name: auth_permission; Type: TABLE DATA; Schema: public; Owner: postgres
--

COPY public.auth_permission (id, name, content_type_id, codename) FROM stdin;
1	Can add log entry	1	add_logentry
2	Can change log entry	1	change_logentry
3	Can delete log entry	1	delete_logentry
4	Can view log entry	1	view_logentry
5	Can add permission	2	add_permission
6	Can change permission	2	change_permission
7	Can delete permission	2	delete_permission
8	Can view permission	2	view_permission
9	Can add group	3	add_group
10	Can change group	3	change_group
11	Can delete group	3	delete_group
12	Can view group	3	view_group
13	Can add user	4	add_user
14	Can change user	4	change_user
15	Can delete user	4	delete_user
16	Can view user	4	view_user
17	Can add content type	5	add_contenttype
18	Can change content type	5	change_contenttype
19	Can delete content type	5	delete_contenttype
20	Can view content type	5	view_contenttype
21	Can add session	6	add_session
22	Can change session	6	change_session
23	Can delete session	6	delete_session
24	Can view session	6	view_session
25	Can add asignatura	7	add_asignatura
26	Can change asignatura	7	change_asignatura
27	Can delete asignatura	7	delete_asignatura
28	Can view asignatura	7	view_asignatura
29	Can add curso	8	add_curso
30	Can change curso	8	change_curso
31	Can delete curso	8	delete_curso
32	Can view curso	8	view_curso
33	Can add estudiante	9	add_estudiante
34	Can change estudiante	9	change_estudiante
35	Can delete estudiante	9	delete_estudiante
36	Can view estudiante	9	view_estudiante
37	Can add grupo	10	add_grupo
38	Can change grupo	10	change_grupo
39	Can delete grupo	10	delete_grupo
40	Can view grupo	10	view_grupo
41	Can add periodo academico	11	add_periodoacademico
42	Can change periodo academico	11	change_periodoacademico
43	Can delete periodo academico	11	delete_periodoacademico
44	Can view periodo academico	11	view_periodoacademico
45	Can add profesor	12	add_profesor
46	Can change profesor	12	change_profesor
47	Can delete profesor	12	delete_profesor
48	Can view profesor	12	view_profesor
49	Can add salon	13	add_salon
50	Can change salon	13	change_salon
51	Can delete salon	13	delete_salon
52	Can view salon	13	view_salon
53	Can add inscripcion	14	add_inscripcion
54	Can change inscripcion	14	change_inscripcion
55	Can delete inscripcion	14	delete_inscripcion
56	Can view inscripcion	14	view_inscripcion
57	Can add calificacion	15	add_calificacion
58	Can change calificacion	15	change_calificacion
59	Can delete calificacion	15	delete_calificacion
60	Can view calificacion	15	view_calificacion
61	Can add Evento de Calendario	16	add_eventocalendario
62	Can change Evento de Calendario	16	change_eventocalendario
63	Can delete Evento de Calendario	16	delete_eventocalendario
64	Can view Evento de Calendario	16	view_eventocalendario
65	Can add horario curso	17	add_horariocurso
66	Can change horario curso	17	change_horariocurso
67	Can delete horario curso	17	delete_horariocurso
68	Can view horario curso	17	view_horariocurso
69	Can add perfil	18	add_perfil
70	Can change perfil	18	change_perfil
71	Can delete perfil	18	delete_perfil
72	Can view perfil	18	view_perfil
73	Can add asistencia profesor	19	add_asistenciaprofesor
74	Can change asistencia profesor	19	change_asistenciaprofesor
75	Can delete asistencia profesor	19	delete_asistenciaprofesor
76	Can view asistencia profesor	19	view_asistenciaprofesor
77	Can add asistencia alumno	20	add_asistenciaalumno
78	Can change asistencia alumno	20	change_asistenciaalumno
79	Can delete asistencia alumno	20	delete_asistenciaalumno
80	Can view asistencia alumno	20	view_asistenciaalumno
81	Can add Anotación	21	add_anotacion
82	Can change Anotación	21	change_anotacion
83	Can delete Anotación	21	delete_anotacion
84	Can view Anotación	21	view_anotacion
85	Can add apoderado	22	add_apoderado
86	Can change apoderado	22	change_apoderado
87	Can delete apoderado	22	delete_apoderado
88	Can view apoderado	22	view_apoderado
89	Can add Relación Apoderado-Estudiante	23	add_relacionapoderadoestudiante
90	Can change Relación Apoderado-Estudiante	23	change_relacionapoderadoestudiante
91	Can delete Relación Apoderado-Estudiante	23	delete_relacionapoderadoestudiante
92	Can view Relación Apoderado-Estudiante	23	view_relacionapoderadoestudiante
\.


--
-- Data for Name: auth_user; Type: TABLE DATA; Schema: public; Owner: postgres
--

COPY public.auth_user (id, password, last_login, is_superuser, username, first_name, last_name, email, is_staff, is_active, date_joined) FROM stdin;
1	pbkdf2_sha256$600000$3RHJq1ad9kUZ4Bf3WLAWHW$qms4Ob7KY3oVSyiy2JYcuQ2WDtvsd8Ax3RoqZw3UZ34=	2025-07-12 17:49:18.003655-04	t	daniel				t	t	2025-07-12 17:49:00.371901-04
\.


--
-- Data for Name: auth_user_groups; Type: TABLE DATA; Schema: public; Owner: postgres
--

COPY public.auth_user_groups (id, user_id, group_id) FROM stdin;
\.


--
-- Data for Name: auth_user_user_permissions; Type: TABLE DATA; Schema: public; Owner: postgres
--

COPY public.auth_user_user_permissions (id, user_id, permission_id) FROM stdin;
\.


--
-- Data for Name: django_admin_log; Type: TABLE DATA; Schema: public; Owner: postgres
--

COPY public.django_admin_log (id, action_time, object_id, object_repr, action_flag, change_message, content_type_id, user_id) FROM stdin;
\.


--
-- Data for Name: django_content_type; Type: TABLE DATA; Schema: public; Owner: postgres
--

COPY public.django_content_type (id, app_label, model) FROM stdin;
1	admin	logentry
2	auth	permission
3	auth	group
4	auth	user
5	contenttypes	contenttype
6	sessions	session
7	smapp	asignatura
8	smapp	curso
9	smapp	estudiante
10	smapp	grupo
11	smapp	periodoacademico
12	smapp	profesor
13	smapp	salon
14	smapp	inscripcion
15	smapp	calificacion
16	smapp	eventocalendario
17	smapp	horariocurso
18	smapp	perfil
19	smapp	asistenciaprofesor
20	smapp	asistenciaalumno
21	smapp	anotacion
22	smapp	apoderado
23	smapp	relacionapoderadoestudiante
\.


--
-- Data for Name: django_migrations; Type: TABLE DATA; Schema: public; Owner: postgres
--

COPY public.django_migrations (id, app, name, applied) FROM stdin;
1	contenttypes	0001_initial	2025-07-12 17:47:47.364525-04
2	auth	0001_initial	2025-07-12 17:47:47.450363-04
3	admin	0001_initial	2025-07-12 17:47:47.470646-04
4	admin	0002_logentry_remove_auto_add	2025-07-12 17:47:47.478446-04
5	admin	0003_logentry_add_action_flag_choices	2025-07-12 17:47:47.487211-04
6	contenttypes	0002_remove_content_type_name	2025-07-12 17:47:47.50316-04
7	auth	0002_alter_permission_name_max_length	2025-07-12 17:47:47.511809-04
8	auth	0003_alter_user_email_max_length	2025-07-12 17:47:47.520172-04
9	auth	0004_alter_user_username_opts	2025-07-12 17:47:47.528698-04
10	auth	0005_alter_user_last_login_null	2025-07-12 17:47:47.535471-04
11	auth	0006_require_contenttypes_0002	2025-07-12 17:47:47.536985-04
12	auth	0007_alter_validators_add_error_messages	2025-07-12 17:47:47.545662-04
13	auth	0008_alter_user_username_max_length	2025-07-12 17:47:47.55896-04
14	auth	0009_alter_user_last_name_max_length	2025-07-12 17:47:47.567843-04
15	auth	0010_alter_group_name_max_length	2025-07-12 17:47:47.577128-04
16	auth	0011_update_proxy_permissions	2025-07-12 17:47:47.581164-04
17	auth	0012_alter_user_first_name_max_length	2025-07-12 17:47:47.59108-04
18	sessions	0001_initial	2025-07-12 17:47:47.602693-04
19	smapp	0001_initial	2025-07-12 17:47:47.711427-04
20	smapp	0002_eventocalendario	2025-07-12 17:47:47.727233-04
21	smapp	0003_horariocurso	2025-07-12 17:47:47.745438-04
22	smapp	0004_curso_asignaturas_curso_estudiantes_and_more	2025-07-12 17:47:47.822822-04
23	smapp	0005_asignatura_profesor_responsable	2025-07-12 17:47:47.842302-04
24	smapp	0006_perfil	2025-07-12 17:47:47.862678-04
25	smapp	0007_estudiante_user	2025-07-12 17:47:47.888172-04
26	smapp	0008_profesor_user	2025-07-12 17:47:47.906526-04
27	smapp	0009_horariocurso_asignatura	2025-07-12 17:47:47.928192-04
28	smapp	0010_calificacion_descripcion_calificacion_detalle_and_more	2025-07-12 17:47:47.94427-04
29	smapp	0011_profesor_asignaturas_and_more	2025-07-12 17:47:47.982087-04
30	smapp	0012_asistenciaprofesor_asistenciaalumno	2025-07-12 17:47:48.036317-04
31	smapp	0013_alter_asistenciaprofesor_asignatura	2025-07-12 17:47:48.067349-04
32	smapp	0014_alter_curso_options_curso_anio_curso_nivel_and_more	2025-07-12 17:47:48.259269-04
33	smapp	0015_alter_curso_nivel	2025-07-12 17:47:48.263267-04
34	smapp	0016_alter_curso_anio	2025-07-12 17:47:48.279127-04
35	smapp	0017_auto_20250626_2234	2025-07-12 17:47:48.285391-04
36	smapp	0018_alter_eventocalendario_options_and_more	2025-07-12 17:47:48.372871-04
37	smapp	0019_agregar_profesores_responsables	2025-07-12 17:47:48.415463-04
38	smapp	0020_alter_horariocurso_options_horariocurso_activo_and_more	2025-07-12 17:47:48.492046-04
39	smapp	0021_alter_estudiante_numero_documento_and_more	2025-07-12 17:47:48.557703-04
40	smapp	0022_alter_asistenciaalumno_options_and_more	2025-07-12 17:47:48.794208-04
41	smapp	0023_alter_asistenciaalumno_fecha_and_more	2025-07-12 17:47:48.874222-04
42	smapp	0024_alter_asistenciaalumno_fecha_and_more	2025-07-12 17:47:48.916283-04
43	smapp	0025_eventocalendario_solo_profesores	2025-07-12 17:47:48.934843-04
44	smapp	0026_auto_20250630_0009	2025-07-12 17:47:48.975759-04
45	smapp	0027_alter_asistenciaalumno_options_and_more	2025-07-12 17:47:49.508295-04
46	smapp	0028_alter_asistenciaprofesor_options_and_more	2025-07-12 17:47:49.747055-04
47	smapp	0029_auto_20250630_1503	2025-07-12 17:47:49.76401-04
48	smapp	0030_alter_anotacion_estudiante	2025-07-12 17:47:49.793313-04
49	smapp	0031_alter_estudiante_user_alter_profesor_user	2025-07-12 17:47:49.82991-04
50	smapp	0032_apoderado	2025-07-12 17:47:49.864602-04
51	smapp	0033_add_missing_apoderado_fields	2025-07-12 17:47:49.956227-04
52	smapp	0034_alter_apoderado_options_and_more	2025-07-12 17:47:50.230509-04
53	smapp	0035_alter_apoderado_codigo_apoderado	2025-07-12 17:47:50.252591-04
54	smapp	0036_auto_20250705_1423	2025-07-12 17:47:50.258274-04
55	smapp	0037_apoderadoestudiante_alter_apoderado_options_and_more	2025-07-12 17:47:50.466714-04
56	smapp	0038_relacionapoderadoestudiante_alter_apoderado_options_and_more	2025-07-12 17:47:50.761179-04
57	smapp	0039_alter_perfil_tipo_usuario	2025-07-12 17:47:50.763248-04
\.


--
-- Data for Name: django_session; Type: TABLE DATA; Schema: public; Owner: postgres
--

COPY public.django_session (session_key, session_data, expire_date) FROM stdin;
9jtng5bte9vbzfo9qzu6atxt2ew9kiy6	.eJxVjDsOwjAQBe_iGln2-htKes5grb0bHECxFCcV4u4QKQW0b2beSyTc1pq2zkuaSJyFFqffLWN58LwDuuN8a7K0eV2mLHdFHrTLayN-Xg7376Bir9-a0QIhgNXRZ58BnfGkgLIZHCgsmodxKDE60hhAq6KNJQs-GB59CSzeH9jaN44:1uai5u:Ds9Tnn6LzepTLKNIPtMbkqNMNUOzXP_gTT2hpOjx-Gw	2025-07-26 17:49:18.010664-04
\.


--
-- Data for Name: smapp_anotacion; Type: TABLE DATA; Schema: public; Owner: postgres
--

COPY public.smapp_anotacion (id, tipo, categoria, titulo, descripcion, puntos, fecha_creacion, fecha_modificacion, es_grave, requiere_atencion_apoderado, comunicado_apoderado, fecha_comunicacion_apoderado, asignatura_id, curso_id, estudiante_id, profesor_autor_id) FROM stdin;
\.


--
-- Data for Name: smapp_apoderado; Type: TABLE DATA; Schema: public; Owner: postgres
--

COPY public.smapp_apoderado (id, primer_nombre, segundo_nombre, apellido_paterno, apellido_materno, tipo_documento, numero_documento, fecha_nacimiento, genero, direccion, telefono, email, ocupacion, fecha_registro, user_id, telefono_emergencia, activo, codigo_apoderado, parentesco_principal, profesor_id) FROM stdin;
\.


--
-- Data for Name: smapp_asignatura; Type: TABLE DATA; Schema: public; Owner: postgres
--

COPY public.smapp_asignatura (id, nombre, codigo_asignatura, descripcion, profesor_responsable_id) FROM stdin;
\.


--
-- Data for Name: smapp_asistenciaalumno; Type: TABLE DATA; Schema: public; Owner: postgres
--

COPY public.smapp_asistenciaalumno (id, fecha, presente, observacion, asignatura_id, estudiante_id, curso_id, fecha_creacion, fecha_modificacion, hora_registro, justificacion, profesor_registro_id) FROM stdin;
\.


--
-- Data for Name: smapp_asistenciaprofesor; Type: TABLE DATA; Schema: public; Owner: postgres
--

COPY public.smapp_asistenciaprofesor (id, fecha, presente, observacion, asignatura_id, profesor_id, curso_id, fecha_creacion, fecha_modificacion, hora_registro, justificacion, registrado_por_usuario_id) FROM stdin;
\.


--
-- Data for Name: smapp_calificacion; Type: TABLE DATA; Schema: public; Owner: postgres
--

COPY public.smapp_calificacion (id, nombre_evaluacion, puntaje, fecha_evaluacion, inscripcion_id, descripcion, detalle, porcentaje) FROM stdin;
\.


--
-- Data for Name: smapp_curso; Type: TABLE DATA; Schema: public; Owner: postgres
--

COPY public.smapp_curso (id, anio, nivel, paralelo, profesor_jefe_id) FROM stdin;
\.


--
-- Data for Name: smapp_curso_asignaturas; Type: TABLE DATA; Schema: public; Owner: postgres
--

COPY public.smapp_curso_asignaturas (id, curso_id, asignatura_id) FROM stdin;
\.


--
-- Data for Name: smapp_curso_estudiantes; Type: TABLE DATA; Schema: public; Owner: postgres
--

COPY public.smapp_curso_estudiantes (id, curso_id, estudiante_id) FROM stdin;
\.


--
-- Data for Name: smapp_estudiante; Type: TABLE DATA; Schema: public; Owner: postgres
--

COPY public.smapp_estudiante (id, primer_nombre, segundo_nombre, apellido_paterno, apellido_materno, tipo_documento, numero_documento, fecha_nacimiento, genero, direccion, telefono, email, codigo_estudiante, fecha_ingreso, user_id) FROM stdin;
\.


--
-- Data for Name: smapp_eventocalendario; Type: TABLE DATA; Schema: public; Owner: postgres
--

COPY public.smapp_eventocalendario (id, titulo, descripcion, fecha, prioridad, creado_en, creado_por_id, hora_fin, hora_inicio, para_todos_los_cursos, tipo_evento, solo_profesores) FROM stdin;
\.


--
-- Data for Name: smapp_eventocalendario_cursos; Type: TABLE DATA; Schema: public; Owner: postgres
--

COPY public.smapp_eventocalendario_cursos (id, eventocalendario_id, curso_id) FROM stdin;
\.


--
-- Data for Name: smapp_grupo; Type: TABLE DATA; Schema: public; Owner: postgres
--

COPY public.smapp_grupo (id, capacidad_maxima, asignatura_id, periodo_academico_id, profesor_id, salon_id) FROM stdin;
\.


--
-- Data for Name: smapp_horariocurso; Type: TABLE DATA; Schema: public; Owner: postgres
--

COPY public.smapp_horariocurso (id, dia, hora_inicio, hora_fin, curso_id, asignatura_id) FROM stdin;
\.


--
-- Data for Name: smapp_inscripcion; Type: TABLE DATA; Schema: public; Owner: postgres
--

COPY public.smapp_inscripcion (id, fecha_inscripcion, calificacion_final, estudiante_id, grupo_id) FROM stdin;
\.


--
-- Data for Name: smapp_perfil; Type: TABLE DATA; Schema: public; Owner: postgres
--

COPY public.smapp_perfil (id, tipo_usuario, user_id) FROM stdin;
1	director	1
\.


--
-- Data for Name: smapp_periodoacademico; Type: TABLE DATA; Schema: public; Owner: postgres
--

COPY public.smapp_periodoacademico (id, nombre, fecha_inicio, fecha_fin, activo) FROM stdin;
\.


--
-- Data for Name: smapp_profesor; Type: TABLE DATA; Schema: public; Owner: postgres
--

COPY public.smapp_profesor (id, primer_nombre, segundo_nombre, apellido_paterno, apellido_materno, tipo_documento, numero_documento, fecha_nacimiento, genero, direccion, telefono, email, codigo_profesor, especialidad, fecha_contratacion, user_id) FROM stdin;
\.


--
-- Data for Name: smapp_profesor_asignaturas; Type: TABLE DATA; Schema: public; Owner: postgres
--

COPY public.smapp_profesor_asignaturas (id, profesor_id, asignatura_id) FROM stdin;
\.


--
-- Data for Name: smapp_relacionapoderadoestudiante; Type: TABLE DATA; Schema: public; Owner: postgres
--

COPY public.smapp_relacionapoderadoestudiante (id, parentesco, es_apoderado_principal, puede_autorizar, puede_retirar, activa, fecha_asignacion, apoderado_id, estudiante_id) FROM stdin;
\.


--
-- Data for Name: smapp_salon; Type: TABLE DATA; Schema: public; Owner: postgres
--

COPY public.smapp_salon (id, numero_salon, capacidad, ubicacion) FROM stdin;
\.


--
-- Name: auth_group_id_seq; Type: SEQUENCE SET; Schema: public; Owner: postgres
--

SELECT pg_catalog.setval('public.auth_group_id_seq', 1, false);


--
-- Name: auth_group_permissions_id_seq; Type: SEQUENCE SET; Schema: public; Owner: postgres
--

SELECT pg_catalog.setval('public.auth_group_permissions_id_seq', 1, false);


--
-- Name: auth_permission_id_seq; Type: SEQUENCE SET; Schema: public; Owner: postgres
--

SELECT pg_catalog.setval('public.auth_permission_id_seq', 92, true);


--
-- Name: auth_user_groups_id_seq; Type: SEQUENCE SET; Schema: public; Owner: postgres
--

SELECT pg_catalog.setval('public.auth_user_groups_id_seq', 1, false);


--
-- Name: auth_user_id_seq; Type: SEQUENCE SET; Schema: public; Owner: postgres
--

SELECT pg_catalog.setval('public.auth_user_id_seq', 1, true);


--
-- Name: auth_user_user_permissions_id_seq; Type: SEQUENCE SET; Schema: public; Owner: postgres
--

SELECT pg_catalog.setval('public.auth_user_user_permissions_id_seq', 1, false);


--
-- Name: django_admin_log_id_seq; Type: SEQUENCE SET; Schema: public; Owner: postgres
--

SELECT pg_catalog.setval('public.django_admin_log_id_seq', 1, false);


--
-- Name: django_content_type_id_seq; Type: SEQUENCE SET; Schema: public; Owner: postgres
--

SELECT pg_catalog.setval('public.django_content_type_id_seq', 23, true);


--
-- Name: django_migrations_id_seq; Type: SEQUENCE SET; Schema: public; Owner: postgres
--

SELECT pg_catalog.setval('public.django_migrations_id_seq', 57, true);


--
-- Name: smapp_anotacion_id_seq; Type: SEQUENCE SET; Schema: public; Owner: postgres
--

SELECT pg_catalog.setval('public.smapp_anotacion_id_seq', 1, false);


--
-- Name: smapp_apoderado_id_seq; Type: SEQUENCE SET; Schema: public; Owner: postgres
--

SELECT pg_catalog.setval('public.smapp_apoderado_id_seq', 1, false);


--
-- Name: smapp_asignatura_id_seq; Type: SEQUENCE SET; Schema: public; Owner: postgres
--

SELECT pg_catalog.setval('public.smapp_asignatura_id_seq', 1, false);


--
-- Name: smapp_asistenciaalumno_id_seq; Type: SEQUENCE SET; Schema: public; Owner: postgres
--

SELECT pg_catalog.setval('public.smapp_asistenciaalumno_id_seq', 1, false);


--
-- Name: smapp_asistenciaprofesor_id_seq; Type: SEQUENCE SET; Schema: public; Owner: postgres
--

SELECT pg_catalog.setval('public.smapp_asistenciaprofesor_id_seq', 1, false);


--
-- Name: smapp_calificacion_id_seq; Type: SEQUENCE SET; Schema: public; Owner: postgres
--

SELECT pg_catalog.setval('public.smapp_calificacion_id_seq', 1, false);


--
-- Name: smapp_curso_asignaturas_id_seq; Type: SEQUENCE SET; Schema: public; Owner: postgres
--

SELECT pg_catalog.setval('public.smapp_curso_asignaturas_id_seq', 1, false);


--
-- Name: smapp_curso_estudiantes_id_seq; Type: SEQUENCE SET; Schema: public; Owner: postgres
--

SELECT pg_catalog.setval('public.smapp_curso_estudiantes_id_seq', 1, false);


--
-- Name: smapp_curso_id_seq; Type: SEQUENCE SET; Schema: public; Owner: postgres
--

SELECT pg_catalog.setval('public.smapp_curso_id_seq', 1, false);


--
-- Name: smapp_estudiante_id_seq; Type: SEQUENCE SET; Schema: public; Owner: postgres
--

SELECT pg_catalog.setval('public.smapp_estudiante_id_seq', 1, false);


--
-- Name: smapp_eventocalendario_cursos_id_seq; Type: SEQUENCE SET; Schema: public; Owner: postgres
--

SELECT pg_catalog.setval('public.smapp_eventocalendario_cursos_id_seq', 1, false);


--
-- Name: smapp_eventocalendario_id_seq; Type: SEQUENCE SET; Schema: public; Owner: postgres
--

SELECT pg_catalog.setval('public.smapp_eventocalendario_id_seq', 1, false);


--
-- Name: smapp_grupo_id_seq; Type: SEQUENCE SET; Schema: public; Owner: postgres
--

SELECT pg_catalog.setval('public.smapp_grupo_id_seq', 1, false);


--
-- Name: smapp_horariocurso_id_seq; Type: SEQUENCE SET; Schema: public; Owner: postgres
--

SELECT pg_catalog.setval('public.smapp_horariocurso_id_seq', 1, false);


--
-- Name: smapp_inscripcion_id_seq; Type: SEQUENCE SET; Schema: public; Owner: postgres
--

SELECT pg_catalog.setval('public.smapp_inscripcion_id_seq', 1, false);


--
-- Name: smapp_perfil_id_seq; Type: SEQUENCE SET; Schema: public; Owner: postgres
--

SELECT pg_catalog.setval('public.smapp_perfil_id_seq', 1, true);


--
-- Name: smapp_periodoacademico_id_seq; Type: SEQUENCE SET; Schema: public; Owner: postgres
--

SELECT pg_catalog.setval('public.smapp_periodoacademico_id_seq', 1, false);


--
-- Name: smapp_profesor_asignaturas_id_seq; Type: SEQUENCE SET; Schema: public; Owner: postgres
--

SELECT pg_catalog.setval('public.smapp_profesor_asignaturas_id_seq', 1, false);


--
-- Name: smapp_profesor_id_seq; Type: SEQUENCE SET; Schema: public; Owner: postgres
--

SELECT pg_catalog.setval('public.smapp_profesor_id_seq', 1, false);


--
-- Name: smapp_relacionapoderadoestudiante_id_seq; Type: SEQUENCE SET; Schema: public; Owner: postgres
--

SELECT pg_catalog.setval('public.smapp_relacionapoderadoestudiante_id_seq', 1, false);


--
-- Name: smapp_salon_id_seq; Type: SEQUENCE SET; Schema: public; Owner: postgres
--

SELECT pg_catalog.setval('public.smapp_salon_id_seq', 1, false);


--
-- Name: auth_group auth_group_name_key; Type: CONSTRAINT; Schema: public; Owner: postgres
--

ALTER TABLE ONLY public.auth_group
    ADD CONSTRAINT auth_group_name_key UNIQUE (name);


--
-- Name: auth_group_permissions auth_group_permissions_group_id_permission_id_0cd325b0_uniq; Type: CONSTRAINT; Schema: public; Owner: postgres
--

ALTER TABLE ONLY public.auth_group_permissions
    ADD CONSTRAINT auth_group_permissions_group_id_permission_id_0cd325b0_uniq UNIQUE (group_id, permission_id);


--
-- Name: auth_group_permissions auth_group_permissions_pkey; Type: CONSTRAINT; Schema: public; Owner: postgres
--

ALTER TABLE ONLY public.auth_group_permissions
    ADD CONSTRAINT auth_group_permissions_pkey PRIMARY KEY (id);


--
-- Name: auth_group auth_group_pkey; Type: CONSTRAINT; Schema: public; Owner: postgres
--

ALTER TABLE ONLY public.auth_group
    ADD CONSTRAINT auth_group_pkey PRIMARY KEY (id);


--
-- Name: auth_permission auth_permission_content_type_id_codename_01ab375a_uniq; Type: CONSTRAINT; Schema: public; Owner: postgres
--

ALTER TABLE ONLY public.auth_permission
    ADD CONSTRAINT auth_permission_content_type_id_codename_01ab375a_uniq UNIQUE (content_type_id, codename);


--
-- Name: auth_permission auth_permission_pkey; Type: CONSTRAINT; Schema: public; Owner: postgres
--

ALTER TABLE ONLY public.auth_permission
    ADD CONSTRAINT auth_permission_pkey PRIMARY KEY (id);


--
-- Name: auth_user_groups auth_user_groups_pkey; Type: CONSTRAINT; Schema: public; Owner: postgres
--

ALTER TABLE ONLY public.auth_user_groups
    ADD CONSTRAINT auth_user_groups_pkey PRIMARY KEY (id);


--
-- Name: auth_user_groups auth_user_groups_user_id_group_id_94350c0c_uniq; Type: CONSTRAINT; Schema: public; Owner: postgres
--

ALTER TABLE ONLY public.auth_user_groups
    ADD CONSTRAINT auth_user_groups_user_id_group_id_94350c0c_uniq UNIQUE (user_id, group_id);


--
-- Name: auth_user auth_user_pkey; Type: CONSTRAINT; Schema: public; Owner: postgres
--

ALTER TABLE ONLY public.auth_user
    ADD CONSTRAINT auth_user_pkey PRIMARY KEY (id);


--
-- Name: auth_user_user_permissions auth_user_user_permissions_pkey; Type: CONSTRAINT; Schema: public; Owner: postgres
--

ALTER TABLE ONLY public.auth_user_user_permissions
    ADD CONSTRAINT auth_user_user_permissions_pkey PRIMARY KEY (id);


--
-- Name: auth_user_user_permissions auth_user_user_permissions_user_id_permission_id_14a6b632_uniq; Type: CONSTRAINT; Schema: public; Owner: postgres
--

ALTER TABLE ONLY public.auth_user_user_permissions
    ADD CONSTRAINT auth_user_user_permissions_user_id_permission_id_14a6b632_uniq UNIQUE (user_id, permission_id);


--
-- Name: auth_user auth_user_username_key; Type: CONSTRAINT; Schema: public; Owner: postgres
--

ALTER TABLE ONLY public.auth_user
    ADD CONSTRAINT auth_user_username_key UNIQUE (username);


--
-- Name: django_admin_log django_admin_log_pkey; Type: CONSTRAINT; Schema: public; Owner: postgres
--

ALTER TABLE ONLY public.django_admin_log
    ADD CONSTRAINT django_admin_log_pkey PRIMARY KEY (id);


--
-- Name: django_content_type django_content_type_app_label_model_76bd3d3b_uniq; Type: CONSTRAINT; Schema: public; Owner: postgres
--

ALTER TABLE ONLY public.django_content_type
    ADD CONSTRAINT django_content_type_app_label_model_76bd3d3b_uniq UNIQUE (app_label, model);


--
-- Name: django_content_type django_content_type_pkey; Type: CONSTRAINT; Schema: public; Owner: postgres
--

ALTER TABLE ONLY public.django_content_type
    ADD CONSTRAINT django_content_type_pkey PRIMARY KEY (id);


--
-- Name: django_migrations django_migrations_pkey; Type: CONSTRAINT; Schema: public; Owner: postgres
--

ALTER TABLE ONLY public.django_migrations
    ADD CONSTRAINT django_migrations_pkey PRIMARY KEY (id);


--
-- Name: django_session django_session_pkey; Type: CONSTRAINT; Schema: public; Owner: postgres
--

ALTER TABLE ONLY public.django_session
    ADD CONSTRAINT django_session_pkey PRIMARY KEY (session_key);


--
-- Name: smapp_anotacion smapp_anotacion_pkey; Type: CONSTRAINT; Schema: public; Owner: postgres
--

ALTER TABLE ONLY public.smapp_anotacion
    ADD CONSTRAINT smapp_anotacion_pkey PRIMARY KEY (id);


--
-- Name: smapp_apoderado smapp_apoderado_codigo_apoderado_c4fd6a44_uniq; Type: CONSTRAINT; Schema: public; Owner: postgres
--

ALTER TABLE ONLY public.smapp_apoderado
    ADD CONSTRAINT smapp_apoderado_codigo_apoderado_c4fd6a44_uniq UNIQUE (codigo_apoderado);


--
-- Name: smapp_apoderado smapp_apoderado_email_key; Type: CONSTRAINT; Schema: public; Owner: postgres
--

ALTER TABLE ONLY public.smapp_apoderado
    ADD CONSTRAINT smapp_apoderado_email_key UNIQUE (email);


--
-- Name: smapp_apoderado smapp_apoderado_numero_documento_key; Type: CONSTRAINT; Schema: public; Owner: postgres
--

ALTER TABLE ONLY public.smapp_apoderado
    ADD CONSTRAINT smapp_apoderado_numero_documento_key UNIQUE (numero_documento);


--
-- Name: smapp_apoderado smapp_apoderado_pkey; Type: CONSTRAINT; Schema: public; Owner: postgres
--

ALTER TABLE ONLY public.smapp_apoderado
    ADD CONSTRAINT smapp_apoderado_pkey PRIMARY KEY (id);


--
-- Name: smapp_apoderado smapp_apoderado_profesor_id_key; Type: CONSTRAINT; Schema: public; Owner: postgres
--

ALTER TABLE ONLY public.smapp_apoderado
    ADD CONSTRAINT smapp_apoderado_profesor_id_key UNIQUE (profesor_id);


--
-- Name: smapp_apoderado smapp_apoderado_user_id_key; Type: CONSTRAINT; Schema: public; Owner: postgres
--

ALTER TABLE ONLY public.smapp_apoderado
    ADD CONSTRAINT smapp_apoderado_user_id_key UNIQUE (user_id);


--
-- Name: smapp_asignatura smapp_asignatura_codigo_asignatura_key; Type: CONSTRAINT; Schema: public; Owner: postgres
--

ALTER TABLE ONLY public.smapp_asignatura
    ADD CONSTRAINT smapp_asignatura_codigo_asignatura_key UNIQUE (codigo_asignatura);


--
-- Name: smapp_asignatura smapp_asignatura_pkey; Type: CONSTRAINT; Schema: public; Owner: postgres
--

ALTER TABLE ONLY public.smapp_asignatura
    ADD CONSTRAINT smapp_asignatura_pkey PRIMARY KEY (id);


--
-- Name: smapp_asistenciaalumno smapp_asistenciaalumno_estudiante_id_curso_id_a_561c8dde_uniq; Type: CONSTRAINT; Schema: public; Owner: postgres
--

ALTER TABLE ONLY public.smapp_asistenciaalumno
    ADD CONSTRAINT smapp_asistenciaalumno_estudiante_id_curso_id_a_561c8dde_uniq UNIQUE (estudiante_id, curso_id, asignatura_id, fecha);


--
-- Name: smapp_asistenciaalumno smapp_asistenciaalumno_pkey; Type: CONSTRAINT; Schema: public; Owner: postgres
--

ALTER TABLE ONLY public.smapp_asistenciaalumno
    ADD CONSTRAINT smapp_asistenciaalumno_pkey PRIMARY KEY (id);


--
-- Name: smapp_asistenciaprofesor smapp_asistenciaprofesor_pkey; Type: CONSTRAINT; Schema: public; Owner: postgres
--

ALTER TABLE ONLY public.smapp_asistenciaprofesor
    ADD CONSTRAINT smapp_asistenciaprofesor_pkey PRIMARY KEY (id);


--
-- Name: smapp_asistenciaprofesor smapp_asistenciaprofesor_profesor_id_asignatura_i_b52327cc_uniq; Type: CONSTRAINT; Schema: public; Owner: postgres
--

ALTER TABLE ONLY public.smapp_asistenciaprofesor
    ADD CONSTRAINT smapp_asistenciaprofesor_profesor_id_asignatura_i_b52327cc_uniq UNIQUE (profesor_id, asignatura_id, curso_id, fecha);


--
-- Name: smapp_calificacion smapp_calificacion_pkey; Type: CONSTRAINT; Schema: public; Owner: postgres
--

ALTER TABLE ONLY public.smapp_calificacion
    ADD CONSTRAINT smapp_calificacion_pkey PRIMARY KEY (id);


--
-- Name: smapp_curso_asignaturas smapp_curso_asignaturas_curso_id_asignatura_id_e66d28e0_uniq; Type: CONSTRAINT; Schema: public; Owner: postgres
--

ALTER TABLE ONLY public.smapp_curso_asignaturas
    ADD CONSTRAINT smapp_curso_asignaturas_curso_id_asignatura_id_e66d28e0_uniq UNIQUE (curso_id, asignatura_id);


--
-- Name: smapp_curso_asignaturas smapp_curso_asignaturas_pkey; Type: CONSTRAINT; Schema: public; Owner: postgres
--

ALTER TABLE ONLY public.smapp_curso_asignaturas
    ADD CONSTRAINT smapp_curso_asignaturas_pkey PRIMARY KEY (id);


--
-- Name: smapp_curso_estudiantes smapp_curso_estudiantes_curso_id_estudiante_id_58f6fee2_uniq; Type: CONSTRAINT; Schema: public; Owner: postgres
--

ALTER TABLE ONLY public.smapp_curso_estudiantes
    ADD CONSTRAINT smapp_curso_estudiantes_curso_id_estudiante_id_58f6fee2_uniq UNIQUE (curso_id, estudiante_id);


--
-- Name: smapp_curso_estudiantes smapp_curso_estudiantes_pkey; Type: CONSTRAINT; Schema: public; Owner: postgres
--

ALTER TABLE ONLY public.smapp_curso_estudiantes
    ADD CONSTRAINT smapp_curso_estudiantes_pkey PRIMARY KEY (id);


--
-- Name: smapp_curso smapp_curso_nivel_paralelo_anio_78f0f4b0_uniq; Type: CONSTRAINT; Schema: public; Owner: postgres
--

ALTER TABLE ONLY public.smapp_curso
    ADD CONSTRAINT smapp_curso_nivel_paralelo_anio_78f0f4b0_uniq UNIQUE (nivel, paralelo, anio);


--
-- Name: smapp_curso smapp_curso_pkey; Type: CONSTRAINT; Schema: public; Owner: postgres
--

ALTER TABLE ONLY public.smapp_curso
    ADD CONSTRAINT smapp_curso_pkey PRIMARY KEY (id);


--
-- Name: smapp_estudiante smapp_estudiante_codigo_estudiante_key; Type: CONSTRAINT; Schema: public; Owner: postgres
--

ALTER TABLE ONLY public.smapp_estudiante
    ADD CONSTRAINT smapp_estudiante_codigo_estudiante_key UNIQUE (codigo_estudiante);


--
-- Name: smapp_estudiante smapp_estudiante_email_key; Type: CONSTRAINT; Schema: public; Owner: postgres
--

ALTER TABLE ONLY public.smapp_estudiante
    ADD CONSTRAINT smapp_estudiante_email_key UNIQUE (email);


--
-- Name: smapp_estudiante smapp_estudiante_numero_documento_key; Type: CONSTRAINT; Schema: public; Owner: postgres
--

ALTER TABLE ONLY public.smapp_estudiante
    ADD CONSTRAINT smapp_estudiante_numero_documento_key UNIQUE (numero_documento);


--
-- Name: smapp_estudiante smapp_estudiante_pkey; Type: CONSTRAINT; Schema: public; Owner: postgres
--

ALTER TABLE ONLY public.smapp_estudiante
    ADD CONSTRAINT smapp_estudiante_pkey PRIMARY KEY (id);


--
-- Name: smapp_estudiante smapp_estudiante_user_id_key; Type: CONSTRAINT; Schema: public; Owner: postgres
--

ALTER TABLE ONLY public.smapp_estudiante
    ADD CONSTRAINT smapp_estudiante_user_id_key UNIQUE (user_id);


--
-- Name: smapp_eventocalendario_cursos smapp_eventocalendario_c_eventocalendario_id_curs_23df7a87_uniq; Type: CONSTRAINT; Schema: public; Owner: postgres
--

ALTER TABLE ONLY public.smapp_eventocalendario_cursos
    ADD CONSTRAINT smapp_eventocalendario_c_eventocalendario_id_curs_23df7a87_uniq UNIQUE (eventocalendario_id, curso_id);


--
-- Name: smapp_eventocalendario_cursos smapp_eventocalendario_cursos_pkey; Type: CONSTRAINT; Schema: public; Owner: postgres
--

ALTER TABLE ONLY public.smapp_eventocalendario_cursos
    ADD CONSTRAINT smapp_eventocalendario_cursos_pkey PRIMARY KEY (id);


--
-- Name: smapp_eventocalendario smapp_eventocalendario_pkey; Type: CONSTRAINT; Schema: public; Owner: postgres
--

ALTER TABLE ONLY public.smapp_eventocalendario
    ADD CONSTRAINT smapp_eventocalendario_pkey PRIMARY KEY (id);


--
-- Name: smapp_grupo smapp_grupo_pkey; Type: CONSTRAINT; Schema: public; Owner: postgres
--

ALTER TABLE ONLY public.smapp_grupo
    ADD CONSTRAINT smapp_grupo_pkey PRIMARY KEY (id);


--
-- Name: smapp_horariocurso smapp_horariocurso_pkey; Type: CONSTRAINT; Schema: public; Owner: postgres
--

ALTER TABLE ONLY public.smapp_horariocurso
    ADD CONSTRAINT smapp_horariocurso_pkey PRIMARY KEY (id);


--
-- Name: smapp_inscripcion smapp_inscripcion_estudiante_id_grupo_id_06782dcf_uniq; Type: CONSTRAINT; Schema: public; Owner: postgres
--

ALTER TABLE ONLY public.smapp_inscripcion
    ADD CONSTRAINT smapp_inscripcion_estudiante_id_grupo_id_06782dcf_uniq UNIQUE (estudiante_id, grupo_id);


--
-- Name: smapp_inscripcion smapp_inscripcion_pkey; Type: CONSTRAINT; Schema: public; Owner: postgres
--

ALTER TABLE ONLY public.smapp_inscripcion
    ADD CONSTRAINT smapp_inscripcion_pkey PRIMARY KEY (id);


--
-- Name: smapp_perfil smapp_perfil_pkey; Type: CONSTRAINT; Schema: public; Owner: postgres
--

ALTER TABLE ONLY public.smapp_perfil
    ADD CONSTRAINT smapp_perfil_pkey PRIMARY KEY (id);


--
-- Name: smapp_perfil smapp_perfil_user_id_key; Type: CONSTRAINT; Schema: public; Owner: postgres
--

ALTER TABLE ONLY public.smapp_perfil
    ADD CONSTRAINT smapp_perfil_user_id_key UNIQUE (user_id);


--
-- Name: smapp_periodoacademico smapp_periodoacademico_nombre_key; Type: CONSTRAINT; Schema: public; Owner: postgres
--

ALTER TABLE ONLY public.smapp_periodoacademico
    ADD CONSTRAINT smapp_periodoacademico_nombre_key UNIQUE (nombre);


--
-- Name: smapp_periodoacademico smapp_periodoacademico_pkey; Type: CONSTRAINT; Schema: public; Owner: postgres
--

ALTER TABLE ONLY public.smapp_periodoacademico
    ADD CONSTRAINT smapp_periodoacademico_pkey PRIMARY KEY (id);


--
-- Name: smapp_profesor_asignaturas smapp_profesor_asignatur_profesor_id_asignatura_i_5e409ff6_uniq; Type: CONSTRAINT; Schema: public; Owner: postgres
--

ALTER TABLE ONLY public.smapp_profesor_asignaturas
    ADD CONSTRAINT smapp_profesor_asignatur_profesor_id_asignatura_i_5e409ff6_uniq UNIQUE (profesor_id, asignatura_id);


--
-- Name: smapp_profesor_asignaturas smapp_profesor_asignaturas_pkey; Type: CONSTRAINT; Schema: public; Owner: postgres
--

ALTER TABLE ONLY public.smapp_profesor_asignaturas
    ADD CONSTRAINT smapp_profesor_asignaturas_pkey PRIMARY KEY (id);


--
-- Name: smapp_profesor smapp_profesor_codigo_profesor_key; Type: CONSTRAINT; Schema: public; Owner: postgres
--

ALTER TABLE ONLY public.smapp_profesor
    ADD CONSTRAINT smapp_profesor_codigo_profesor_key UNIQUE (codigo_profesor);


--
-- Name: smapp_profesor smapp_profesor_email_key; Type: CONSTRAINT; Schema: public; Owner: postgres
--

ALTER TABLE ONLY public.smapp_profesor
    ADD CONSTRAINT smapp_profesor_email_key UNIQUE (email);


--
-- Name: smapp_profesor smapp_profesor_numero_documento_key; Type: CONSTRAINT; Schema: public; Owner: postgres
--

ALTER TABLE ONLY public.smapp_profesor
    ADD CONSTRAINT smapp_profesor_numero_documento_key UNIQUE (numero_documento);


--
-- Name: smapp_profesor smapp_profesor_pkey; Type: CONSTRAINT; Schema: public; Owner: postgres
--

ALTER TABLE ONLY public.smapp_profesor
    ADD CONSTRAINT smapp_profesor_pkey PRIMARY KEY (id);


--
-- Name: smapp_profesor smapp_profesor_user_id_key; Type: CONSTRAINT; Schema: public; Owner: postgres
--

ALTER TABLE ONLY public.smapp_profesor
    ADD CONSTRAINT smapp_profesor_user_id_key UNIQUE (user_id);


--
-- Name: smapp_relacionapoderadoestudiante smapp_relacionapoderadoe_apoderado_id_estudiante__c3613b01_uniq; Type: CONSTRAINT; Schema: public; Owner: postgres
--

ALTER TABLE ONLY public.smapp_relacionapoderadoestudiante
    ADD CONSTRAINT smapp_relacionapoderadoe_apoderado_id_estudiante__c3613b01_uniq UNIQUE (apoderado_id, estudiante_id);


--
-- Name: smapp_relacionapoderadoestudiante smapp_relacionapoderadoestudiante_pkey; Type: CONSTRAINT; Schema: public; Owner: postgres
--

ALTER TABLE ONLY public.smapp_relacionapoderadoestudiante
    ADD CONSTRAINT smapp_relacionapoderadoestudiante_pkey PRIMARY KEY (id);


--
-- Name: smapp_salon smapp_salon_numero_salon_key; Type: CONSTRAINT; Schema: public; Owner: postgres
--

ALTER TABLE ONLY public.smapp_salon
    ADD CONSTRAINT smapp_salon_numero_salon_key UNIQUE (numero_salon);


--
-- Name: smapp_salon smapp_salon_pkey; Type: CONSTRAINT; Schema: public; Owner: postgres
--

ALTER TABLE ONLY public.smapp_salon
    ADD CONSTRAINT smapp_salon_pkey PRIMARY KEY (id);


--
-- Name: auth_group_name_a6ea08ec_like; Type: INDEX; Schema: public; Owner: postgres
--

CREATE INDEX auth_group_name_a6ea08ec_like ON public.auth_group USING btree (name varchar_pattern_ops);


--
-- Name: auth_group_permissions_group_id_b120cbf9; Type: INDEX; Schema: public; Owner: postgres
--

CREATE INDEX auth_group_permissions_group_id_b120cbf9 ON public.auth_group_permissions USING btree (group_id);


--
-- Name: auth_group_permissions_permission_id_84c5c92e; Type: INDEX; Schema: public; Owner: postgres
--

CREATE INDEX auth_group_permissions_permission_id_84c5c92e ON public.auth_group_permissions USING btree (permission_id);


--
-- Name: auth_permission_content_type_id_2f476e4b; Type: INDEX; Schema: public; Owner: postgres
--

CREATE INDEX auth_permission_content_type_id_2f476e4b ON public.auth_permission USING btree (content_type_id);


--
-- Name: auth_user_groups_group_id_97559544; Type: INDEX; Schema: public; Owner: postgres
--

CREATE INDEX auth_user_groups_group_id_97559544 ON public.auth_user_groups USING btree (group_id);


--
-- Name: auth_user_groups_user_id_6a12ed8b; Type: INDEX; Schema: public; Owner: postgres
--

CREATE INDEX auth_user_groups_user_id_6a12ed8b ON public.auth_user_groups USING btree (user_id);


--
-- Name: auth_user_user_permissions_permission_id_1fbb5f2c; Type: INDEX; Schema: public; Owner: postgres
--

CREATE INDEX auth_user_user_permissions_permission_id_1fbb5f2c ON public.auth_user_user_permissions USING btree (permission_id);


--
-- Name: auth_user_user_permissions_user_id_a95ead1b; Type: INDEX; Schema: public; Owner: postgres
--

CREATE INDEX auth_user_user_permissions_user_id_a95ead1b ON public.auth_user_user_permissions USING btree (user_id);


--
-- Name: auth_user_username_6821ab7c_like; Type: INDEX; Schema: public; Owner: postgres
--

CREATE INDEX auth_user_username_6821ab7c_like ON public.auth_user USING btree (username varchar_pattern_ops);


--
-- Name: django_admin_log_content_type_id_c4bce8eb; Type: INDEX; Schema: public; Owner: postgres
--

CREATE INDEX django_admin_log_content_type_id_c4bce8eb ON public.django_admin_log USING btree (content_type_id);


--
-- Name: django_admin_log_user_id_c564eba6; Type: INDEX; Schema: public; Owner: postgres
--

CREATE INDEX django_admin_log_user_id_c564eba6 ON public.django_admin_log USING btree (user_id);


--
-- Name: django_session_expire_date_a5c62663; Type: INDEX; Schema: public; Owner: postgres
--

CREATE INDEX django_session_expire_date_a5c62663 ON public.django_session USING btree (expire_date);


--
-- Name: django_session_session_key_c0390e0f_like; Type: INDEX; Schema: public; Owner: postgres
--

CREATE INDEX django_session_session_key_c0390e0f_like ON public.django_session USING btree (session_key varchar_pattern_ops);


--
-- Name: smapp_anotacion_asignatura_id_fb2015b9; Type: INDEX; Schema: public; Owner: postgres
--

CREATE INDEX smapp_anotacion_asignatura_id_fb2015b9 ON public.smapp_anotacion USING btree (asignatura_id);


--
-- Name: smapp_anotacion_curso_id_702e446d; Type: INDEX; Schema: public; Owner: postgres
--

CREATE INDEX smapp_anotacion_curso_id_702e446d ON public.smapp_anotacion USING btree (curso_id);


--
-- Name: smapp_anotacion_estudiante_id_7980465f; Type: INDEX; Schema: public; Owner: postgres
--

CREATE INDEX smapp_anotacion_estudiante_id_7980465f ON public.smapp_anotacion USING btree (estudiante_id);


--
-- Name: smapp_anotacion_profesor_autor_id_7f82b959; Type: INDEX; Schema: public; Owner: postgres
--

CREATE INDEX smapp_anotacion_profesor_autor_id_7f82b959 ON public.smapp_anotacion USING btree (profesor_autor_id);


--
-- Name: smapp_apoderado_codigo_apoderado_c4fd6a44_like; Type: INDEX; Schema: public; Owner: postgres
--

CREATE INDEX smapp_apoderado_codigo_apoderado_c4fd6a44_like ON public.smapp_apoderado USING btree (codigo_apoderado varchar_pattern_ops);


--
-- Name: smapp_apoderado_email_a49b299d_like; Type: INDEX; Schema: public; Owner: postgres
--

CREATE INDEX smapp_apoderado_email_a49b299d_like ON public.smapp_apoderado USING btree (email varchar_pattern_ops);


--
-- Name: smapp_apoderado_numero_documento_625d834b_like; Type: INDEX; Schema: public; Owner: postgres
--

CREATE INDEX smapp_apoderado_numero_documento_625d834b_like ON public.smapp_apoderado USING btree (numero_documento varchar_pattern_ops);


--
-- Name: smapp_asignatura_codigo_asignatura_702d6ee7_like; Type: INDEX; Schema: public; Owner: postgres
--

CREATE INDEX smapp_asignatura_codigo_asignatura_702d6ee7_like ON public.smapp_asignatura USING btree (codigo_asignatura varchar_pattern_ops);


--
-- Name: smapp_asignatura_profesor_responsable_id_b9b3c82b; Type: INDEX; Schema: public; Owner: postgres
--

CREATE INDEX smapp_asignatura_profesor_responsable_id_b9b3c82b ON public.smapp_asignatura USING btree (profesor_responsable_id);


--
-- Name: smapp_asistenciaalumno_asignatura_id_ee9c554c; Type: INDEX; Schema: public; Owner: postgres
--

CREATE INDEX smapp_asistenciaalumno_asignatura_id_ee9c554c ON public.smapp_asistenciaalumno USING btree (asignatura_id);


--
-- Name: smapp_asistenciaalumno_curso_id_cb2d9e8e; Type: INDEX; Schema: public; Owner: postgres
--

CREATE INDEX smapp_asistenciaalumno_curso_id_cb2d9e8e ON public.smapp_asistenciaalumno USING btree (curso_id);


--
-- Name: smapp_asistenciaalumno_estudiante_id_00633cdf; Type: INDEX; Schema: public; Owner: postgres
--

CREATE INDEX smapp_asistenciaalumno_estudiante_id_00633cdf ON public.smapp_asistenciaalumno USING btree (estudiante_id);


--
-- Name: smapp_asistenciaalumno_profesor_registro_id_3fcc46be; Type: INDEX; Schema: public; Owner: postgres
--

CREATE INDEX smapp_asistenciaalumno_profesor_registro_id_3fcc46be ON public.smapp_asistenciaalumno USING btree (profesor_registro_id);


--
-- Name: smapp_asistenciaprofesor_asignatura_id_152ff458; Type: INDEX; Schema: public; Owner: postgres
--

CREATE INDEX smapp_asistenciaprofesor_asignatura_id_152ff458 ON public.smapp_asistenciaprofesor USING btree (asignatura_id);


--
-- Name: smapp_asistenciaprofesor_curso_id_a45d4d8f; Type: INDEX; Schema: public; Owner: postgres
--

CREATE INDEX smapp_asistenciaprofesor_curso_id_a45d4d8f ON public.smapp_asistenciaprofesor USING btree (curso_id);


--
-- Name: smapp_asistenciaprofesor_profesor_id_a9457c19; Type: INDEX; Schema: public; Owner: postgres
--

CREATE INDEX smapp_asistenciaprofesor_profesor_id_a9457c19 ON public.smapp_asistenciaprofesor USING btree (profesor_id);


--
-- Name: smapp_asistenciaprofesor_registrado_por_usuario_id_5262490b; Type: INDEX; Schema: public; Owner: postgres
--

CREATE INDEX smapp_asistenciaprofesor_registrado_por_usuario_id_5262490b ON public.smapp_asistenciaprofesor USING btree (registrado_por_usuario_id);


--
-- Name: smapp_calificacion_inscripcion_id_f0008a50; Type: INDEX; Schema: public; Owner: postgres
--

CREATE INDEX smapp_calificacion_inscripcion_id_f0008a50 ON public.smapp_calificacion USING btree (inscripcion_id);


--
-- Name: smapp_curso_asignaturas_asignatura_id_c13f81fa; Type: INDEX; Schema: public; Owner: postgres
--

CREATE INDEX smapp_curso_asignaturas_asignatura_id_c13f81fa ON public.smapp_curso_asignaturas USING btree (asignatura_id);


--
-- Name: smapp_curso_asignaturas_curso_id_840e29de; Type: INDEX; Schema: public; Owner: postgres
--

CREATE INDEX smapp_curso_asignaturas_curso_id_840e29de ON public.smapp_curso_asignaturas USING btree (curso_id);


--
-- Name: smapp_curso_estudiantes_curso_id_79ee3014; Type: INDEX; Schema: public; Owner: postgres
--

CREATE INDEX smapp_curso_estudiantes_curso_id_79ee3014 ON public.smapp_curso_estudiantes USING btree (curso_id);


--
-- Name: smapp_curso_estudiantes_estudiante_id_6aa7530c; Type: INDEX; Schema: public; Owner: postgres
--

CREATE INDEX smapp_curso_estudiantes_estudiante_id_6aa7530c ON public.smapp_curso_estudiantes USING btree (estudiante_id);


--
-- Name: smapp_curso_profesor_jefe_id_58e6df7f; Type: INDEX; Schema: public; Owner: postgres
--

CREATE INDEX smapp_curso_profesor_jefe_id_58e6df7f ON public.smapp_curso USING btree (profesor_jefe_id);


--
-- Name: smapp_estudiante_codigo_estudiante_6267fe89_like; Type: INDEX; Schema: public; Owner: postgres
--

CREATE INDEX smapp_estudiante_codigo_estudiante_6267fe89_like ON public.smapp_estudiante USING btree (codigo_estudiante varchar_pattern_ops);


--
-- Name: smapp_estudiante_email_1a0068d6_like; Type: INDEX; Schema: public; Owner: postgres
--

CREATE INDEX smapp_estudiante_email_1a0068d6_like ON public.smapp_estudiante USING btree (email varchar_pattern_ops);


--
-- Name: smapp_estudiante_numero_documento_8ad1d7ca_like; Type: INDEX; Schema: public; Owner: postgres
--

CREATE INDEX smapp_estudiante_numero_documento_8ad1d7ca_like ON public.smapp_estudiante USING btree (numero_documento varchar_pattern_ops);


--
-- Name: smapp_eventocalendario_creado_por_id_9956651b; Type: INDEX; Schema: public; Owner: postgres
--

CREATE INDEX smapp_eventocalendario_creado_por_id_9956651b ON public.smapp_eventocalendario USING btree (creado_por_id);


--
-- Name: smapp_eventocalendario_cursos_curso_id_d0c47235; Type: INDEX; Schema: public; Owner: postgres
--

CREATE INDEX smapp_eventocalendario_cursos_curso_id_d0c47235 ON public.smapp_eventocalendario_cursos USING btree (curso_id);


--
-- Name: smapp_eventocalendario_cursos_eventocalendario_id_54d49de2; Type: INDEX; Schema: public; Owner: postgres
--

CREATE INDEX smapp_eventocalendario_cursos_eventocalendario_id_54d49de2 ON public.smapp_eventocalendario_cursos USING btree (eventocalendario_id);


--
-- Name: smapp_grupo_asignatura_id_3ef59f43; Type: INDEX; Schema: public; Owner: postgres
--

CREATE INDEX smapp_grupo_asignatura_id_3ef59f43 ON public.smapp_grupo USING btree (asignatura_id);


--
-- Name: smapp_grupo_periodo_academico_id_1fe5b5a0; Type: INDEX; Schema: public; Owner: postgres
--

CREATE INDEX smapp_grupo_periodo_academico_id_1fe5b5a0 ON public.smapp_grupo USING btree (periodo_academico_id);


--
-- Name: smapp_grupo_profesor_id_bda20736; Type: INDEX; Schema: public; Owner: postgres
--

CREATE INDEX smapp_grupo_profesor_id_bda20736 ON public.smapp_grupo USING btree (profesor_id);


--
-- Name: smapp_grupo_salon_id_e5c86886; Type: INDEX; Schema: public; Owner: postgres
--

CREATE INDEX smapp_grupo_salon_id_e5c86886 ON public.smapp_grupo USING btree (salon_id);


--
-- Name: smapp_horariocurso_asignatura_id_6040f320; Type: INDEX; Schema: public; Owner: postgres
--

CREATE INDEX smapp_horariocurso_asignatura_id_6040f320 ON public.smapp_horariocurso USING btree (asignatura_id);


--
-- Name: smapp_horariocurso_curso_id_071ba285; Type: INDEX; Schema: public; Owner: postgres
--

CREATE INDEX smapp_horariocurso_curso_id_071ba285 ON public.smapp_horariocurso USING btree (curso_id);


--
-- Name: smapp_inscripcion_estudiante_id_3637f022; Type: INDEX; Schema: public; Owner: postgres
--

CREATE INDEX smapp_inscripcion_estudiante_id_3637f022 ON public.smapp_inscripcion USING btree (estudiante_id);


--
-- Name: smapp_inscripcion_grupo_id_7ce63d8f; Type: INDEX; Schema: public; Owner: postgres
--

CREATE INDEX smapp_inscripcion_grupo_id_7ce63d8f ON public.smapp_inscripcion USING btree (grupo_id);


--
-- Name: smapp_periodoacademico_nombre_bb338ffd_like; Type: INDEX; Schema: public; Owner: postgres
--

CREATE INDEX smapp_periodoacademico_nombre_bb338ffd_like ON public.smapp_periodoacademico USING btree (nombre varchar_pattern_ops);


--
-- Name: smapp_profesor_asignaturas_asignatura_id_817313ae; Type: INDEX; Schema: public; Owner: postgres
--

CREATE INDEX smapp_profesor_asignaturas_asignatura_id_817313ae ON public.smapp_profesor_asignaturas USING btree (asignatura_id);


--
-- Name: smapp_profesor_asignaturas_profesor_id_19ae0ed0; Type: INDEX; Schema: public; Owner: postgres
--

CREATE INDEX smapp_profesor_asignaturas_profesor_id_19ae0ed0 ON public.smapp_profesor_asignaturas USING btree (profesor_id);


--
-- Name: smapp_profesor_codigo_profesor_71aef0e7_like; Type: INDEX; Schema: public; Owner: postgres
--

CREATE INDEX smapp_profesor_codigo_profesor_71aef0e7_like ON public.smapp_profesor USING btree (codigo_profesor varchar_pattern_ops);


--
-- Name: smapp_profesor_email_192d52c2_like; Type: INDEX; Schema: public; Owner: postgres
--

CREATE INDEX smapp_profesor_email_192d52c2_like ON public.smapp_profesor USING btree (email varchar_pattern_ops);


--
-- Name: smapp_profesor_numero_documento_23b0d8b2_like; Type: INDEX; Schema: public; Owner: postgres
--

CREATE INDEX smapp_profesor_numero_documento_23b0d8b2_like ON public.smapp_profesor USING btree (numero_documento varchar_pattern_ops);


--
-- Name: smapp_relacionapoderadoestudiante_apoderado_id_62fdb46d; Type: INDEX; Schema: public; Owner: postgres
--

CREATE INDEX smapp_relacionapoderadoestudiante_apoderado_id_62fdb46d ON public.smapp_relacionapoderadoestudiante USING btree (apoderado_id);


--
-- Name: smapp_relacionapoderadoestudiante_estudiante_id_58e361b3; Type: INDEX; Schema: public; Owner: postgres
--

CREATE INDEX smapp_relacionapoderadoestudiante_estudiante_id_58e361b3 ON public.smapp_relacionapoderadoestudiante USING btree (estudiante_id);


--
-- Name: smapp_salon_numero_salon_71b755a0_like; Type: INDEX; Schema: public; Owner: postgres
--

CREATE INDEX smapp_salon_numero_salon_71b755a0_like ON public.smapp_salon USING btree (numero_salon varchar_pattern_ops);


--
-- Name: auth_group_permissions auth_group_permissio_permission_id_84c5c92e_fk_auth_perm; Type: FK CONSTRAINT; Schema: public; Owner: postgres
--

ALTER TABLE ONLY public.auth_group_permissions
    ADD CONSTRAINT auth_group_permissio_permission_id_84c5c92e_fk_auth_perm FOREIGN KEY (permission_id) REFERENCES public.auth_permission(id) DEFERRABLE INITIALLY DEFERRED;


--
-- Name: auth_group_permissions auth_group_permissions_group_id_b120cbf9_fk_auth_group_id; Type: FK CONSTRAINT; Schema: public; Owner: postgres
--

ALTER TABLE ONLY public.auth_group_permissions
    ADD CONSTRAINT auth_group_permissions_group_id_b120cbf9_fk_auth_group_id FOREIGN KEY (group_id) REFERENCES public.auth_group(id) DEFERRABLE INITIALLY DEFERRED;


--
-- Name: auth_permission auth_permission_content_type_id_2f476e4b_fk_django_co; Type: FK CONSTRAINT; Schema: public; Owner: postgres
--

ALTER TABLE ONLY public.auth_permission
    ADD CONSTRAINT auth_permission_content_type_id_2f476e4b_fk_django_co FOREIGN KEY (content_type_id) REFERENCES public.django_content_type(id) DEFERRABLE INITIALLY DEFERRED;


--
-- Name: auth_user_groups auth_user_groups_group_id_97559544_fk_auth_group_id; Type: FK CONSTRAINT; Schema: public; Owner: postgres
--

ALTER TABLE ONLY public.auth_user_groups
    ADD CONSTRAINT auth_user_groups_group_id_97559544_fk_auth_group_id FOREIGN KEY (group_id) REFERENCES public.auth_group(id) DEFERRABLE INITIALLY DEFERRED;


--
-- Name: auth_user_groups auth_user_groups_user_id_6a12ed8b_fk_auth_user_id; Type: FK CONSTRAINT; Schema: public; Owner: postgres
--

ALTER TABLE ONLY public.auth_user_groups
    ADD CONSTRAINT auth_user_groups_user_id_6a12ed8b_fk_auth_user_id FOREIGN KEY (user_id) REFERENCES public.auth_user(id) DEFERRABLE INITIALLY DEFERRED;


--
-- Name: auth_user_user_permissions auth_user_user_permi_permission_id_1fbb5f2c_fk_auth_perm; Type: FK CONSTRAINT; Schema: public; Owner: postgres
--

ALTER TABLE ONLY public.auth_user_user_permissions
    ADD CONSTRAINT auth_user_user_permi_permission_id_1fbb5f2c_fk_auth_perm FOREIGN KEY (permission_id) REFERENCES public.auth_permission(id) DEFERRABLE INITIALLY DEFERRED;


--
-- Name: auth_user_user_permissions auth_user_user_permissions_user_id_a95ead1b_fk_auth_user_id; Type: FK CONSTRAINT; Schema: public; Owner: postgres
--

ALTER TABLE ONLY public.auth_user_user_permissions
    ADD CONSTRAINT auth_user_user_permissions_user_id_a95ead1b_fk_auth_user_id FOREIGN KEY (user_id) REFERENCES public.auth_user(id) DEFERRABLE INITIALLY DEFERRED;


--
-- Name: django_admin_log django_admin_log_content_type_id_c4bce8eb_fk_django_co; Type: FK CONSTRAINT; Schema: public; Owner: postgres
--

ALTER TABLE ONLY public.django_admin_log
    ADD CONSTRAINT django_admin_log_content_type_id_c4bce8eb_fk_django_co FOREIGN KEY (content_type_id) REFERENCES public.django_content_type(id) DEFERRABLE INITIALLY DEFERRED;


--
-- Name: django_admin_log django_admin_log_user_id_c564eba6_fk_auth_user_id; Type: FK CONSTRAINT; Schema: public; Owner: postgres
--

ALTER TABLE ONLY public.django_admin_log
    ADD CONSTRAINT django_admin_log_user_id_c564eba6_fk_auth_user_id FOREIGN KEY (user_id) REFERENCES public.auth_user(id) DEFERRABLE INITIALLY DEFERRED;


--
-- Name: smapp_anotacion smapp_anotacion_asignatura_id_fb2015b9_fk_smapp_asignatura_id; Type: FK CONSTRAINT; Schema: public; Owner: postgres
--

ALTER TABLE ONLY public.smapp_anotacion
    ADD CONSTRAINT smapp_anotacion_asignatura_id_fb2015b9_fk_smapp_asignatura_id FOREIGN KEY (asignatura_id) REFERENCES public.smapp_asignatura(id) DEFERRABLE INITIALLY DEFERRED;


--
-- Name: smapp_anotacion smapp_anotacion_curso_id_702e446d_fk_smapp_curso_id; Type: FK CONSTRAINT; Schema: public; Owner: postgres
--

ALTER TABLE ONLY public.smapp_anotacion
    ADD CONSTRAINT smapp_anotacion_curso_id_702e446d_fk_smapp_curso_id FOREIGN KEY (curso_id) REFERENCES public.smapp_curso(id) DEFERRABLE INITIALLY DEFERRED;


--
-- Name: smapp_anotacion smapp_anotacion_estudiante_id_7980465f_fk_smapp_estudiante_id; Type: FK CONSTRAINT; Schema: public; Owner: postgres
--

ALTER TABLE ONLY public.smapp_anotacion
    ADD CONSTRAINT smapp_anotacion_estudiante_id_7980465f_fk_smapp_estudiante_id FOREIGN KEY (estudiante_id) REFERENCES public.smapp_estudiante(id) DEFERRABLE INITIALLY DEFERRED;


--
-- Name: smapp_anotacion smapp_anotacion_profesor_autor_id_7f82b959_fk_smapp_profesor_id; Type: FK CONSTRAINT; Schema: public; Owner: postgres
--

ALTER TABLE ONLY public.smapp_anotacion
    ADD CONSTRAINT smapp_anotacion_profesor_autor_id_7f82b959_fk_smapp_profesor_id FOREIGN KEY (profesor_autor_id) REFERENCES public.smapp_profesor(id) DEFERRABLE INITIALLY DEFERRED;


--
-- Name: smapp_apoderado smapp_apoderado_profesor_id_d3576295_fk_smapp_profesor_id; Type: FK CONSTRAINT; Schema: public; Owner: postgres
--

ALTER TABLE ONLY public.smapp_apoderado
    ADD CONSTRAINT smapp_apoderado_profesor_id_d3576295_fk_smapp_profesor_id FOREIGN KEY (profesor_id) REFERENCES public.smapp_profesor(id) DEFERRABLE INITIALLY DEFERRED;


--
-- Name: smapp_apoderado smapp_apoderado_user_id_ee28de67_fk_auth_user_id; Type: FK CONSTRAINT; Schema: public; Owner: postgres
--

ALTER TABLE ONLY public.smapp_apoderado
    ADD CONSTRAINT smapp_apoderado_user_id_ee28de67_fk_auth_user_id FOREIGN KEY (user_id) REFERENCES public.auth_user(id) DEFERRABLE INITIALLY DEFERRED;


--
-- Name: smapp_asignatura smapp_asignatura_profesor_responsable_b9b3c82b_fk_smapp_pro; Type: FK CONSTRAINT; Schema: public; Owner: postgres
--

ALTER TABLE ONLY public.smapp_asignatura
    ADD CONSTRAINT smapp_asignatura_profesor_responsable_b9b3c82b_fk_smapp_pro FOREIGN KEY (profesor_responsable_id) REFERENCES public.smapp_profesor(id) DEFERRABLE INITIALLY DEFERRED;


--
-- Name: smapp_asistenciaalumno smapp_asistenciaalum_asignatura_id_ee9c554c_fk_smapp_asi; Type: FK CONSTRAINT; Schema: public; Owner: postgres
--

ALTER TABLE ONLY public.smapp_asistenciaalumno
    ADD CONSTRAINT smapp_asistenciaalum_asignatura_id_ee9c554c_fk_smapp_asi FOREIGN KEY (asignatura_id) REFERENCES public.smapp_asignatura(id) DEFERRABLE INITIALLY DEFERRED;


--
-- Name: smapp_asistenciaalumno smapp_asistenciaalum_estudiante_id_00633cdf_fk_smapp_est; Type: FK CONSTRAINT; Schema: public; Owner: postgres
--

ALTER TABLE ONLY public.smapp_asistenciaalumno
    ADD CONSTRAINT smapp_asistenciaalum_estudiante_id_00633cdf_fk_smapp_est FOREIGN KEY (estudiante_id) REFERENCES public.smapp_estudiante(id) DEFERRABLE INITIALLY DEFERRED;


--
-- Name: smapp_asistenciaalumno smapp_asistenciaalum_profesor_registro_id_3fcc46be_fk_smapp_pro; Type: FK CONSTRAINT; Schema: public; Owner: postgres
--

ALTER TABLE ONLY public.smapp_asistenciaalumno
    ADD CONSTRAINT smapp_asistenciaalum_profesor_registro_id_3fcc46be_fk_smapp_pro FOREIGN KEY (profesor_registro_id) REFERENCES public.smapp_profesor(id) DEFERRABLE INITIALLY DEFERRED;


--
-- Name: smapp_asistenciaalumno smapp_asistenciaalumno_curso_id_cb2d9e8e_fk_smapp_curso_id; Type: FK CONSTRAINT; Schema: public; Owner: postgres
--

ALTER TABLE ONLY public.smapp_asistenciaalumno
    ADD CONSTRAINT smapp_asistenciaalumno_curso_id_cb2d9e8e_fk_smapp_curso_id FOREIGN KEY (curso_id) REFERENCES public.smapp_curso(id) DEFERRABLE INITIALLY DEFERRED;


--
-- Name: smapp_asistenciaprofesor smapp_asistenciaprof_asignatura_id_152ff458_fk_smapp_asi; Type: FK CONSTRAINT; Schema: public; Owner: postgres
--

ALTER TABLE ONLY public.smapp_asistenciaprofesor
    ADD CONSTRAINT smapp_asistenciaprof_asignatura_id_152ff458_fk_smapp_asi FOREIGN KEY (asignatura_id) REFERENCES public.smapp_asignatura(id) DEFERRABLE INITIALLY DEFERRED;


--
-- Name: smapp_asistenciaprofesor smapp_asistenciaprof_profesor_id_a9457c19_fk_smapp_pro; Type: FK CONSTRAINT; Schema: public; Owner: postgres
--

ALTER TABLE ONLY public.smapp_asistenciaprofesor
    ADD CONSTRAINT smapp_asistenciaprof_profesor_id_a9457c19_fk_smapp_pro FOREIGN KEY (profesor_id) REFERENCES public.smapp_profesor(id) DEFERRABLE INITIALLY DEFERRED;


--
-- Name: smapp_asistenciaprofesor smapp_asistenciaprof_registrado_por_usuar_5262490b_fk_auth_user; Type: FK CONSTRAINT; Schema: public; Owner: postgres
--

ALTER TABLE ONLY public.smapp_asistenciaprofesor
    ADD CONSTRAINT smapp_asistenciaprof_registrado_por_usuar_5262490b_fk_auth_user FOREIGN KEY (registrado_por_usuario_id) REFERENCES public.auth_user(id) DEFERRABLE INITIALLY DEFERRED;


--
-- Name: smapp_asistenciaprofesor smapp_asistenciaprofesor_curso_id_a45d4d8f_fk_smapp_curso_id; Type: FK CONSTRAINT; Schema: public; Owner: postgres
--

ALTER TABLE ONLY public.smapp_asistenciaprofesor
    ADD CONSTRAINT smapp_asistenciaprofesor_curso_id_a45d4d8f_fk_smapp_curso_id FOREIGN KEY (curso_id) REFERENCES public.smapp_curso(id) DEFERRABLE INITIALLY DEFERRED;


--
-- Name: smapp_calificacion smapp_calificacion_inscripcion_id_f0008a50_fk_smapp_ins; Type: FK CONSTRAINT; Schema: public; Owner: postgres
--

ALTER TABLE ONLY public.smapp_calificacion
    ADD CONSTRAINT smapp_calificacion_inscripcion_id_f0008a50_fk_smapp_ins FOREIGN KEY (inscripcion_id) REFERENCES public.smapp_inscripcion(id) DEFERRABLE INITIALLY DEFERRED;


--
-- Name: smapp_curso_asignaturas smapp_curso_asignatu_asignatura_id_c13f81fa_fk_smapp_asi; Type: FK CONSTRAINT; Schema: public; Owner: postgres
--

ALTER TABLE ONLY public.smapp_curso_asignaturas
    ADD CONSTRAINT smapp_curso_asignatu_asignatura_id_c13f81fa_fk_smapp_asi FOREIGN KEY (asignatura_id) REFERENCES public.smapp_asignatura(id) DEFERRABLE INITIALLY DEFERRED;


--
-- Name: smapp_curso_asignaturas smapp_curso_asignaturas_curso_id_840e29de_fk_smapp_curso_id; Type: FK CONSTRAINT; Schema: public; Owner: postgres
--

ALTER TABLE ONLY public.smapp_curso_asignaturas
    ADD CONSTRAINT smapp_curso_asignaturas_curso_id_840e29de_fk_smapp_curso_id FOREIGN KEY (curso_id) REFERENCES public.smapp_curso(id) DEFERRABLE INITIALLY DEFERRED;


--
-- Name: smapp_curso_estudiantes smapp_curso_estudian_estudiante_id_6aa7530c_fk_smapp_est; Type: FK CONSTRAINT; Schema: public; Owner: postgres
--

ALTER TABLE ONLY public.smapp_curso_estudiantes
    ADD CONSTRAINT smapp_curso_estudian_estudiante_id_6aa7530c_fk_smapp_est FOREIGN KEY (estudiante_id) REFERENCES public.smapp_estudiante(id) DEFERRABLE INITIALLY DEFERRED;


--
-- Name: smapp_curso_estudiantes smapp_curso_estudiantes_curso_id_79ee3014_fk_smapp_curso_id; Type: FK CONSTRAINT; Schema: public; Owner: postgres
--

ALTER TABLE ONLY public.smapp_curso_estudiantes
    ADD CONSTRAINT smapp_curso_estudiantes_curso_id_79ee3014_fk_smapp_curso_id FOREIGN KEY (curso_id) REFERENCES public.smapp_curso(id) DEFERRABLE INITIALLY DEFERRED;


--
-- Name: smapp_curso smapp_curso_profesor_jefe_id_58e6df7f_fk_smapp_profesor_id; Type: FK CONSTRAINT; Schema: public; Owner: postgres
--

ALTER TABLE ONLY public.smapp_curso
    ADD CONSTRAINT smapp_curso_profesor_jefe_id_58e6df7f_fk_smapp_profesor_id FOREIGN KEY (profesor_jefe_id) REFERENCES public.smapp_profesor(id) DEFERRABLE INITIALLY DEFERRED;


--
-- Name: smapp_estudiante smapp_estudiante_user_id_31114c9b_fk_auth_user_id; Type: FK CONSTRAINT; Schema: public; Owner: postgres
--

ALTER TABLE ONLY public.smapp_estudiante
    ADD CONSTRAINT smapp_estudiante_user_id_31114c9b_fk_auth_user_id FOREIGN KEY (user_id) REFERENCES public.auth_user(id) DEFERRABLE INITIALLY DEFERRED;


--
-- Name: smapp_eventocalendario_cursos smapp_eventocalendar_curso_id_d0c47235_fk_smapp_cur; Type: FK CONSTRAINT; Schema: public; Owner: postgres
--

ALTER TABLE ONLY public.smapp_eventocalendario_cursos
    ADD CONSTRAINT smapp_eventocalendar_curso_id_d0c47235_fk_smapp_cur FOREIGN KEY (curso_id) REFERENCES public.smapp_curso(id) DEFERRABLE INITIALLY DEFERRED;


--
-- Name: smapp_eventocalendario_cursos smapp_eventocalendar_eventocalendario_id_54d49de2_fk_smapp_eve; Type: FK CONSTRAINT; Schema: public; Owner: postgres
--

ALTER TABLE ONLY public.smapp_eventocalendario_cursos
    ADD CONSTRAINT smapp_eventocalendar_eventocalendario_id_54d49de2_fk_smapp_eve FOREIGN KEY (eventocalendario_id) REFERENCES public.smapp_eventocalendario(id) DEFERRABLE INITIALLY DEFERRED;


--
-- Name: smapp_eventocalendario smapp_eventocalendario_creado_por_id_9956651b_fk_auth_user_id; Type: FK CONSTRAINT; Schema: public; Owner: postgres
--

ALTER TABLE ONLY public.smapp_eventocalendario
    ADD CONSTRAINT smapp_eventocalendario_creado_por_id_9956651b_fk_auth_user_id FOREIGN KEY (creado_por_id) REFERENCES public.auth_user(id) DEFERRABLE INITIALLY DEFERRED;


--
-- Name: smapp_grupo smapp_grupo_asignatura_id_3ef59f43_fk_smapp_asignatura_id; Type: FK CONSTRAINT; Schema: public; Owner: postgres
--

ALTER TABLE ONLY public.smapp_grupo
    ADD CONSTRAINT smapp_grupo_asignatura_id_3ef59f43_fk_smapp_asignatura_id FOREIGN KEY (asignatura_id) REFERENCES public.smapp_asignatura(id) DEFERRABLE INITIALLY DEFERRED;


--
-- Name: smapp_grupo smapp_grupo_periodo_academico_id_1fe5b5a0_fk_smapp_per; Type: FK CONSTRAINT; Schema: public; Owner: postgres
--

ALTER TABLE ONLY public.smapp_grupo
    ADD CONSTRAINT smapp_grupo_periodo_academico_id_1fe5b5a0_fk_smapp_per FOREIGN KEY (periodo_academico_id) REFERENCES public.smapp_periodoacademico(id) DEFERRABLE INITIALLY DEFERRED;


--
-- Name: smapp_grupo smapp_grupo_profesor_id_bda20736_fk_smapp_profesor_id; Type: FK CONSTRAINT; Schema: public; Owner: postgres
--

ALTER TABLE ONLY public.smapp_grupo
    ADD CONSTRAINT smapp_grupo_profesor_id_bda20736_fk_smapp_profesor_id FOREIGN KEY (profesor_id) REFERENCES public.smapp_profesor(id) DEFERRABLE INITIALLY DEFERRED;


--
-- Name: smapp_grupo smapp_grupo_salon_id_e5c86886_fk_smapp_salon_id; Type: FK CONSTRAINT; Schema: public; Owner: postgres
--

ALTER TABLE ONLY public.smapp_grupo
    ADD CONSTRAINT smapp_grupo_salon_id_e5c86886_fk_smapp_salon_id FOREIGN KEY (salon_id) REFERENCES public.smapp_salon(id) DEFERRABLE INITIALLY DEFERRED;


--
-- Name: smapp_horariocurso smapp_horariocurso_asignatura_id_6040f320_fk_smapp_asi; Type: FK CONSTRAINT; Schema: public; Owner: postgres
--

ALTER TABLE ONLY public.smapp_horariocurso
    ADD CONSTRAINT smapp_horariocurso_asignatura_id_6040f320_fk_smapp_asi FOREIGN KEY (asignatura_id) REFERENCES public.smapp_asignatura(id) DEFERRABLE INITIALLY DEFERRED;


--
-- Name: smapp_horariocurso smapp_horariocurso_curso_id_071ba285_fk_smapp_curso_id; Type: FK CONSTRAINT; Schema: public; Owner: postgres
--

ALTER TABLE ONLY public.smapp_horariocurso
    ADD CONSTRAINT smapp_horariocurso_curso_id_071ba285_fk_smapp_curso_id FOREIGN KEY (curso_id) REFERENCES public.smapp_curso(id) DEFERRABLE INITIALLY DEFERRED;


--
-- Name: smapp_inscripcion smapp_inscripcion_estudiante_id_3637f022_fk_smapp_estudiante_id; Type: FK CONSTRAINT; Schema: public; Owner: postgres
--

ALTER TABLE ONLY public.smapp_inscripcion
    ADD CONSTRAINT smapp_inscripcion_estudiante_id_3637f022_fk_smapp_estudiante_id FOREIGN KEY (estudiante_id) REFERENCES public.smapp_estudiante(id) DEFERRABLE INITIALLY DEFERRED;


--
-- Name: smapp_inscripcion smapp_inscripcion_grupo_id_7ce63d8f_fk_smapp_grupo_id; Type: FK CONSTRAINT; Schema: public; Owner: postgres
--

ALTER TABLE ONLY public.smapp_inscripcion
    ADD CONSTRAINT smapp_inscripcion_grupo_id_7ce63d8f_fk_smapp_grupo_id FOREIGN KEY (grupo_id) REFERENCES public.smapp_grupo(id) DEFERRABLE INITIALLY DEFERRED;


--
-- Name: smapp_perfil smapp_perfil_user_id_fc7b6897_fk_auth_user_id; Type: FK CONSTRAINT; Schema: public; Owner: postgres
--

ALTER TABLE ONLY public.smapp_perfil
    ADD CONSTRAINT smapp_perfil_user_id_fc7b6897_fk_auth_user_id FOREIGN KEY (user_id) REFERENCES public.auth_user(id) DEFERRABLE INITIALLY DEFERRED;


--
-- Name: smapp_profesor_asignaturas smapp_profesor_asign_asignatura_id_817313ae_fk_smapp_asi; Type: FK CONSTRAINT; Schema: public; Owner: postgres
--

ALTER TABLE ONLY public.smapp_profesor_asignaturas
    ADD CONSTRAINT smapp_profesor_asign_asignatura_id_817313ae_fk_smapp_asi FOREIGN KEY (asignatura_id) REFERENCES public.smapp_asignatura(id) DEFERRABLE INITIALLY DEFERRED;


--
-- Name: smapp_profesor_asignaturas smapp_profesor_asign_profesor_id_19ae0ed0_fk_smapp_pro; Type: FK CONSTRAINT; Schema: public; Owner: postgres
--

ALTER TABLE ONLY public.smapp_profesor_asignaturas
    ADD CONSTRAINT smapp_profesor_asign_profesor_id_19ae0ed0_fk_smapp_pro FOREIGN KEY (profesor_id) REFERENCES public.smapp_profesor(id) DEFERRABLE INITIALLY DEFERRED;


--
-- Name: smapp_profesor smapp_profesor_user_id_a4fffe1c_fk_auth_user_id; Type: FK CONSTRAINT; Schema: public; Owner: postgres
--

ALTER TABLE ONLY public.smapp_profesor
    ADD CONSTRAINT smapp_profesor_user_id_a4fffe1c_fk_auth_user_id FOREIGN KEY (user_id) REFERENCES public.auth_user(id) DEFERRABLE INITIALLY DEFERRED;


--
-- Name: smapp_relacionapoderadoestudiante smapp_relacionapoder_apoderado_id_62fdb46d_fk_smapp_apo; Type: FK CONSTRAINT; Schema: public; Owner: postgres
--

ALTER TABLE ONLY public.smapp_relacionapoderadoestudiante
    ADD CONSTRAINT smapp_relacionapoder_apoderado_id_62fdb46d_fk_smapp_apo FOREIGN KEY (apoderado_id) REFERENCES public.smapp_apoderado(id) DEFERRABLE INITIALLY DEFERRED;


--
-- Name: smapp_relacionapoderadoestudiante smapp_relacionapoder_estudiante_id_58e361b3_fk_smapp_est; Type: FK CONSTRAINT; Schema: public; Owner: postgres
--

ALTER TABLE ONLY public.smapp_relacionapoderadoestudiante
    ADD CONSTRAINT smapp_relacionapoder_estudiante_id_58e361b3_fk_smapp_est FOREIGN KEY (estudiante_id) REFERENCES public.smapp_estudiante(id) DEFERRABLE INITIALLY DEFERRED;


--
-- PostgreSQL database dump complete
--

