[{"model": "auth.user", "fields": {"password": "pbkdf2_sha256$600000$rrWrPtjNugCoNqB6c0jEKC$LLjriEkAtvaK2rNyH3x59By3Dxaxv5YG4dBXR4KcpmU=", "last_login": "2025-07-05T19:33:39.189Z", "is_superuser": true, "username": "daniel", "first_name": "", "last_name": "", "email": "", "is_staff": true, "is_active": true, "date_joined": "2025-06-30T15:44:12.934Z", "groups": [], "user_permissions": []}}, {"model": "auth.user", "fields": {"password": "pbkdf2_sha256$600000$zhJHkkKA5gdsLUtNj4WUbg$+HMD4LPF0NlUO10SfF5W2mEVNvVELh1nbVTANBabpYk=", "last_login": "2025-07-06T20:18:22.970Z", "is_superuser": false, "username": "prof_matematicas", "first_name": "María", "last_name": "González", "email": "maria.gonzalez@escuela.cl", "is_staff": false, "is_active": true, "date_joined": "2025-06-30T15:47:03.300Z", "groups": [], "user_permissions": []}}, {"model": "auth.user", "fields": {"password": "pbkdf2_sha256$600000$i8Z1d7oK4Q1Fzt4sp7bVMu$lVsES8mjil4vZvB3Wde+hdB0zDHNvHh6KRAkLe9625c=", "last_login": "2025-07-03T05:08:41.377Z", "is_superuser": false, "username": "est_pedro", "first_name": "Pedro", "last_name": "Martínez", "email": "pedro.martinez@estudiante.cl", "is_staff": false, "is_active": true, "date_joined": "2025-06-30T15:47:03.662Z", "groups": [], "user_permissions": []}}, {"model": "auth.user", "fields": {"password": "pbkdf2_sha256$600000$PM7sae7rUkc43LI4P0y3s6$auJfwMhJrTribRnbz5gWd+d2z0VFDwAaaqpS3l/QWVM=", "last_login": "2025-07-08T16:45:08.872Z", "is_superuser": true, "username": "admin", "first_name": "", "last_name": "", "email": "admin@test.com", "is_staff": true, "is_active": true, "date_joined": "2025-06-30T18:35:21.527Z", "groups": [], "user_permissions": []}}, {"model": "auth.user", "fields": {"password": "pbkdf2_sha256$600000$wyStCo8lcdQaKXZqxrYvs9$IMLaTpWw5zF/35AdOxtiBJCO14GrYKHk1GLclvuDoUc=", "last_login": "2025-07-07T02:39:33.831Z", "is_superuser": false, "username": "asd", "first_name": "", "last_name": "", "email": "asd@asd.com", "is_staff": false, "is_active": true, "date_joined": "2025-06-30T20:10:40.323Z", "groups": [], "user_permissions": []}}, {"model": "auth.user", "fields": {"password": "pbkdf2_sha256$600000$DcqFDgu42hGai3YdKk71qb$StifvOrpIfyyF6v5zFCV4XHuXf+j/AuTMLDa6xYWltg=", "last_login": "2025-06-30T20:13:56.922Z", "is_superuser": false, "username": "asds", "first_name": "", "last_name": "", "email": "asd@asdasd.com", "is_staff": false, "is_active": true, "date_joined": "2025-06-30T20:13:49.019Z", "groups": [], "user_permissions": []}}, {"model": "auth.user", "fields": {"password": "pbkdf2_sha256$600000$6O2LZCvU8Xq5GrC4LFcI7z$Y0eTJAmMkWoDwg2yiasY0+MEs8o+KQsR8AviDWj5Z/w=", "last_login": null, "is_superuser": false, "username": "est_ana", "first_name": "Ana", "last_name": "López", "email": "ana.lopez@estudiantes.cl", "is_staff": false, "is_active": true, "date_joined": "2025-07-02T17:32:30.534Z", "groups": [], "user_permissions": []}}, {"model": "auth.user", "fields": {"password": "pbkdf2_sha256$600000$J3jeOyKqq34Miub3gbmMGl$Km4+Lk12VGru8DsNXT5t6G7EAV8OdGCXK/4fhL2YI4s=", "last_login": null, "is_superuser": false, "username": "est_carlos", "first_name": "Carlos", "last_name": "Méndez", "email": "carlos.mendez@estudiantes.cl", "is_staff": false, "is_active": true, "date_joined": "2025-07-02T17:33:26.702Z", "groups": [], "user_permissions": []}}, {"model": "auth.user", "fields": {"password": "pbkdf2_sha256$600000$labKaM099iEwqg2SZtBgaF$WkambsIMe7zvI5Kj4hzOf7JNYNdMuf7yzCx61u8E6M0=", "last_login": null, "is_superuser": false, "username": "est_sofia", "first_name": "Sofía", "last_name": "Torres", "email": "sofia.torres@estudiantes.cl", "is_staff": false, "is_active": true, "date_joined": "2025-07-02T17:33:27.045Z", "groups": [], "user_permissions": []}}, {"model": "auth.user", "fields": {"password": "pbkdf2_sha256$600000$G6iW580Uh4XHCqVDZ8ZlzQ$fp1n5fQxa3MqfMHPO5MtSXuHBHqfOe6upMGObV016VY=", "last_login": null, "is_superuser": false, "username": "est_diego", "first_name": "Diego", "last_name": "Ruiz", "email": "diego.ruiz@estudiantes.cl", "is_staff": false, "is_active": true, "date_joined": "2025-07-02T17:33:27.410Z", "groups": [], "user_permissions": []}}, {"model": "auth.user", "fields": {"password": "pbkdf2_sha256$600000$h2lDdZD4cT2LHpXBcGw62i$y+wfnsdY/wwMJD6FrcsBNv/Lb47iCfPqkVSrlqyBRB8=", "last_login": null, "is_superuser": false, "username": "est_lucia", "first_name": "Lucía", "last_name": "Castro", "email": "lucia.castro@estudiantes.cl", "is_staff": false, "is_active": true, "date_joined": "2025-07-02T17:33:27.830Z", "groups": [], "user_permissions": []}}, {"model": "auth.user", "fields": {"password": "", "last_login": null, "is_superuser": false, "username": "prof_matemáticas", "first_name": "Profesor/a", "last_name": "Matemáticas", "email": "profesor.matemáticas@colegio.cl", "is_staff": false, "is_active": true, "date_joined": "2025-07-02T17:51:48.201Z", "groups": [], "user_permissions": []}}, {"model": "auth.user", "fields": {"password": "pbkdf2_sha256$260000$test", "last_login": null, "is_superuser": false, "username": "juan_perez_alumno", "first_name": "Juan", "last_name": "Pérez", "email": "juan.perez@colegio.cl", "is_staff": false, "is_active": true, "date_joined": "2025-07-02T23:43:15.865Z", "groups": [], "user_permissions": []}}, {"model": "auth.user", "fields": {"password": "pbkdf2_sha256$260000$test", "last_login": null, "is_superuser": false, "username": "maria_lopez_prof", "first_name": "María", "last_name": "López", "email": "maria.lopez@colegio.cl", "is_staff": false, "is_active": true, "date_joined": "2025-07-02T23:43:15.891Z", "groups": [], "user_permissions": []}}, {"model": "auth.user", "fields": {"password": "pbkdf2_sha256$600000$pFSAHu1JbTNQw1wmY1L1h0$OcF1WEcntkT5keMje0aI3jjsj2bwrMBS51rLgGTMAtM=", "last_login": "2025-07-03T05:19:47.864Z", "is_superuser": false, "username": "asdasd", "first_name": "", "last_name": "", "email": "asd@asdasd.asd", "is_staff": false, "is_active": true, "date_joined": "2025-07-03T00:42:58.715Z", "groups": [], "user_permissions": []}}, {"model": "auth.user", "fields": {"password": "pbkdf2_sha256$600000$3CMfVeiiL52yKUyPzaQMwU$zqncg+2dBoCxgHw3o6kxcTibRBTuE2IFhdMSfv8jjw4=", "last_login": "2025-07-08T16:14:40.446Z", "is_superuser": false, "username": "qwe", "first_name": "", "last_name": "", "email": "qwe@qwe.qwe", "is_staff": false, "is_active": true, "date_joined": "2025-07-03T05:58:04.698Z", "groups": [], "user_permissions": []}}, {"model": "auth.user", "fields": {"password": "pbkdf2_sha256$390000$dummy$dummy/", "last_login": null, "is_superuser": false, "username": "estudiante_1", "first_name": "", "last_name": "", "email": "estudiante_1@test.com", "is_staff": false, "is_active": true, "date_joined": "2025-07-05T06:32:50.470Z", "groups": [], "user_permissions": []}}, {"model": "auth.user", "fields": {"password": "pbkdf2_sha256$390000$dummy$dummy/", "last_login": null, "is_superuser": false, "username": "estudiante_2", "first_name": "", "last_name": "", "email": "estudiante_2@test.com", "is_staff": false, "is_active": true, "date_joined": "2025-07-05T06:32:50.478Z", "groups": [], "user_permissions": []}}, {"model": "auth.user", "fields": {"password": "pbkdf2_sha256$390000$dummy$dummy/", "last_login": null, "is_superuser": false, "username": "estudiante_3", "first_name": "", "last_name": "", "email": "estudiante_3@test.com", "is_staff": false, "is_active": true, "date_joined": "2025-07-05T06:32:50.488Z", "groups": [], "user_permissions": []}}, {"model": "auth.user", "fields": {"password": "pbkdf2_sha256$390000$dummy$dummy/", "last_login": null, "is_superuser": false, "username": "estudiante_4", "first_name": "", "last_name": "", "email": "estudiante_4@test.com", "is_staff": false, "is_active": true, "date_joined": "2025-07-05T06:32:50.496Z", "groups": [], "user_permissions": []}}, {"model": "auth.user", "fields": {"password": "pbkdf2_sha256$390000$dummy$dummy/", "last_login": null, "is_superuser": false, "username": "estudiante_5", "first_name": "", "last_name": "", "email": "estudiante_5@test.com", "is_staff": false, "is_active": true, "date_joined": "2025-07-05T06:32:50.505Z", "groups": [], "user_permissions": []}}, {"model": "auth.user", "fields": {"password": "pbkdf2_sha256$390000$dummy$dummy/", "last_login": null, "is_superuser": false, "username": "estudiante_6", "first_name": "", "last_name": "", "email": "estudiante_6@test.com", "is_staff": false, "is_active": true, "date_joined": "2025-07-05T06:32:50.513Z", "groups": [], "user_permissions": []}}, {"model": "auth.user", "fields": {"password": "pbkdf2_sha256$390000$dummy$dummy/", "last_login": null, "is_superuser": false, "username": "estudiante_7", "first_name": "", "last_name": "", "email": "estudiante_7@test.com", "is_staff": false, "is_active": true, "date_joined": "2025-07-05T06:32:50.523Z", "groups": [], "user_permissions": []}}, {"model": "auth.user", "fields": {"password": "pbkdf2_sha256$390000$dummy$dummy/", "last_login": null, "is_superuser": false, "username": "estudiante_8", "first_name": "", "last_name": "", "email": "estudiante_8@test.com", "is_staff": false, "is_active": true, "date_joined": "2025-07-05T06:32:50.531Z", "groups": [], "user_permissions": []}}, {"model": "auth.user", "fields": {"password": "pbkdf2_sha256$390000$dummy$dummy/", "last_login": null, "is_superuser": false, "username": "estudiante_9", "first_name": "", "last_name": "", "email": "estudiante_9@test.com", "is_staff": false, "is_active": true, "date_joined": "2025-07-05T06:32:50.540Z", "groups": [], "user_permissions": []}}, {"model": "auth.user", "fields": {"password": "pbkdf2_sha256$390000$dummy$dummy/", "last_login": null, "is_superuser": false, "username": "estudiante_10", "first_name": "", "last_name": "", "email": "estudiante_10@test.com", "is_staff": false, "is_active": true, "date_joined": "2025-07-05T06:32:50.545Z", "groups": [], "user_permissions": []}}, {"model": "auth.user", "fields": {"password": "pbkdf2_sha256$390000$dummy$dummy/", "last_login": null, "is_superuser": false, "username": "estudiante_nuevo_1", "first_name": "", "last_name": "", "email": "estudiante_nuevo_1@test.com", "is_staff": false, "is_active": true, "date_joined": "2025-07-05T06:35:11.389Z", "groups": [], "user_permissions": []}}, {"model": "auth.user", "fields": {"password": "pbkdf2_sha256$390000$dummy$dummy/", "last_login": null, "is_superuser": false, "username": "estudiante_nuevo_2", "first_name": "", "last_name": "", "email": "estudiante_nuevo_2@test.com", "is_staff": false, "is_active": true, "date_joined": "2025-07-05T06:35:11.412Z", "groups": [], "user_permissions": []}}, {"model": "auth.user", "fields": {"password": "pbkdf2_sha256$390000$dummy$dummy/", "last_login": null, "is_superuser": false, "username": "estudiante_nuevo_3", "first_name": "", "last_name": "", "email": "estudiante_nuevo_3@test.com", "is_staff": false, "is_active": true, "date_joined": "2025-07-05T06:35:11.425Z", "groups": [], "user_permissions": []}}, {"model": "auth.user", "fields": {"password": "pbkdf2_sha256$390000$dummy$dummy/", "last_login": null, "is_superuser": false, "username": "estudiante_nuevo_4", "first_name": "", "last_name": "", "email": "estudiante_nuevo_4@test.com", "is_staff": false, "is_active": true, "date_joined": "2025-07-05T06:35:11.436Z", "groups": [], "user_permissions": []}}, {"model": "auth.user", "fields": {"password": "pbkdf2_sha256$390000$dummy$dummy/", "last_login": null, "is_superuser": false, "username": "estudiante_nuevo_5", "first_name": "", "last_name": "", "email": "estudiante_nuevo_5@test.com", "is_staff": false, "is_active": true, "date_joined": "2025-07-05T06:35:11.450Z", "groups": [], "user_permissions": []}}, {"model": "auth.user", "fields": {"password": "pbkdf2_sha256$390000$dummy$dummy/", "last_login": null, "is_superuser": false, "username": "estudiante_nuevo_6", "first_name": "", "last_name": "", "email": "estudiante_nuevo_6@test.com", "is_staff": false, "is_active": true, "date_joined": "2025-07-05T06:35:11.462Z", "groups": [], "user_permissions": []}}, {"model": "auth.user", "fields": {"password": "pbkdf2_sha256$390000$dummy$dummy/", "last_login": null, "is_superuser": false, "username": "estudiante_nuevo_7", "first_name": "", "last_name": "", "email": "estudiante_nuevo_7@test.com", "is_staff": false, "is_active": true, "date_joined": "2025-07-05T06:35:11.474Z", "groups": [], "user_permissions": []}}, {"model": "auth.user", "fields": {"password": "pbkdf2_sha256$390000$dummy$dummy/", "last_login": null, "is_superuser": false, "username": "estudiante_nuevo_8", "first_name": "", "last_name": "", "email": "estudiante_nuevo_8@test.com", "is_staff": false, "is_active": true, "date_joined": "2025-07-05T06:35:11.487Z", "groups": [], "user_permissions": []}}, {"model": "auth.user", "fields": {"password": "pbkdf2_sha256$600000$THEgQYkG96NZxYKHpeNIXT$9NqMxNCB/Y4WKllE20lKTXY5/4Ww1H4/jIcgAD2hD4A=", "last_login": null, "is_superuser": false, "username": "est_est2025001", "first_name": "", "last_name": "", "email": "est_est2025001@estudiantes.edu", "is_staff": false, "is_active": true, "date_joined": "2025-07-05T06:37:29.022Z", "groups": [], "user_permissions": []}}, {"model": "auth.user", "fields": {"password": "pbkdf2_sha256$600000$67kI4HCCF45zOYJzjAdY9z$OOA9Rvncm1OgCEBTHAg7dKM/EJnMHuVh73YOvWPJ0mQ=", "last_login": null, "is_superuser": false, "username": "est_est2025002", "first_name": "", "last_name": "", "email": "est_est2025002@estudiantes.edu", "is_staff": false, "is_active": true, "date_joined": "2025-07-05T06:37:29.552Z", "groups": [], "user_permissions": []}}, {"model": "auth.user", "fields": {"password": "pbkdf2_sha256$600000$HRrrPrjZ4x4vEpbqghAYtg$pdJ1tnUW0/XmV2qEji8QUBvab19FgiSGRyheEiyWXco=", "last_login": null, "is_superuser": false, "username": "est_est2025003", "first_name": "", "last_name": "", "email": "est_est2025003@estudiantes.edu", "is_staff": false, "is_active": true, "date_joined": "2025-07-05T06:37:30.235Z", "groups": [], "user_permissions": []}}, {"model": "auth.user", "fields": {"password": "pbkdf2_sha256$600000$6VdgfOSBOPeTywmOX7rjsn$5EY6LEe5delu0HyEKGCr8wFFHGvZysP7EFWlMvEUgOM=", "last_login": null, "is_superuser": false, "username": "est_est2025004", "first_name": "", "last_name": "", "email": "est_est2025004@estudiantes.edu", "is_staff": false, "is_active": true, "date_joined": "2025-07-05T06:37:30.772Z", "groups": [], "user_permissions": []}}, {"model": "auth.user", "fields": {"password": "pbkdf2_sha256$600000$uNI5AP2nrCh7pG29HW4g7J$ZvyvP5zMngxU7FBl6nm6CJ4unX3HQGMr2tWaI1lGpGE=", "last_login": null, "is_superuser": false, "username": "est_est2025005", "first_name": "", "last_name": "", "email": "est_est2025005@estudiantes.edu", "is_staff": false, "is_active": true, "date_joined": "2025-07-05T06:37:31.391Z", "groups": [], "user_permissions": []}}, {"model": "auth.user", "fields": {"password": "pbkdf2_sha256$600000$PGXf1SqChD1BN6qIMj1NR7$K8/sJlHwmvdtKxDi2SVWA1r3y63Dhg4ohh+B/wZfjQA=", "last_login": null, "is_superuser": false, "username": "est_est2025006", "first_name": "", "last_name": "", "email": "est_est2025006@estudiantes.edu", "is_staff": false, "is_active": true, "date_joined": "2025-07-05T06:37:32.186Z", "groups": [], "user_permissions": []}}, {"model": "auth.user", "fields": {"password": "pbkdf2_sha256$600000$uJwjAsj8cEk2zKk8MS0aKD$+cD8IJpAtEndW21vNpTart6PyakzIeP3u8kB/cWdKaE=", "last_login": null, "is_superuser": false, "username": "est_est2025007", "first_name": "", "last_name": "", "email": "est_est2025007@estudiantes.edu", "is_staff": false, "is_active": true, "date_joined": "2025-07-05T06:37:32.925Z", "groups": [], "user_permissions": []}}, {"model": "auth.user", "fields": {"password": "pbkdf2_sha256$600000$uqYri5ooFzCcNSGgSXfzsw$GYAaFE9YSsBrnMJ+Ieyiv0TaExpeH0q1d3ZDhyqB2GM=", "last_login": null, "is_superuser": false, "username": "est_est2025008", "first_name": "", "last_name": "", "email": "est_est2025008@estudiantes.edu", "is_staff": false, "is_active": true, "date_joined": "2025-07-05T06:37:33.626Z", "groups": [], "user_permissions": []}}, {"model": "auth.user", "fields": {"password": "pbkdf2_sha256$600000$coBtKL0Wlbyhbst0Mwe4yt$sEwjzFGlfHQ3GM/bx39rLoDoR9GoQl5dr4rAHZHSsxs=", "last_login": null, "is_superuser": true, "username": "admin123", "first_name": "", "last_name": "", "email": "", "is_staff": true, "is_active": true, "date_joined": "2025-07-05T18:43:34.467Z", "groups": [], "user_permissions": []}}, {"model": "auth.user", "fields": {"password": "pbkdf2_sha256$600000$KQAr7K0DJNbiF8DQmkGnut$aI0My8ixTeSCtEAzANr8gkmEGmi6xn5L0aXvFKZjNXY=", "last_login": "2025-07-05T19:30:25.918Z", "is_superuser": true, "username": "admin_test", "first_name": "", "last_name": "", "email": "admin@test.com", "is_staff": true, "is_active": true, "date_joined": "2025-07-05T19:06:21.252Z", "groups": [], "user_permissions": []}}, {"model": "auth.user", "fields": {"password": "test123", "last_login": null, "is_superuser": true, "username": "test_admin_debug", "first_name": "", "last_name": "", "email": "", "is_staff": true, "is_active": true, "date_joined": "2025-07-05T19:14:04.423Z", "groups": [], "user_permissions": []}}, {"model": "auth.user", "fields": {"password": "pbkdf2_sha256$600000$F4aUNIf4HGyJt0sbwkzzxv$mpq0O70DpNLUW/R+2SqiIfYiPoHgNG4AlufIFOqbafs=", "last_login": "2025-07-06T20:18:22.847Z", "is_superuser": false, "username": "apoderado_55555555-5", "first_name": "María", "last_name": "González", "email": "maria.gonzalez@ejemplo.com", "is_staff": false, "is_active": true, "date_joined": "2025-07-05T20:49:34.687Z", "groups": [], "user_permissions": []}}, {"model": "auth.user", "fields": {"password": "pbkdf2_sha256$600000$S1YGdxi5VWEgrENdYkTUvY$sW2OXRj02uvCZD17sE08r1Yul2hc3RI/W4W+AR6StrA=", "last_login": "2025-07-08T17:02:53.764Z", "is_superuser": false, "username": "zxc", "first_name": "zxc", "last_name": "zxc", "email": "qwe@qwe.qwe", "is_staff": false, "is_active": true, "date_joined": "2025-07-06T19:21:13.429Z", "groups": [], "user_permissions": []}}, {"model": "auth.user", "fields": {"password": "!bBSzcsTmrjPiKYwKxhHHVODYve0ign6pmUYcvnzA", "last_login": null, "is_superuser": false, "username": "test", "first_name": "", "last_name": "", "email": "", "is_staff": false, "is_active": true, "date_joined": "2025-07-06T19:50:42.766Z", "groups": [], "user_permissions": []}}, {"model": "auth.user", "fields": {"password": "pbkdf2_sha256$600000$kiN1S5Gvv6jesr2lzrCjIv$UWg4oW9Tp7M+oOsCUf2S7qBFpvfSKWKZkIXQklYfcdE=", "last_login": null, "is_superuser": false, "username": "apoderado_test", "first_name": "María", "last_name": "González", "email": "apoderado.test@escuela.cl", "is_staff": false, "is_active": true, "date_joined": "2025-07-06T20:38:21.067Z", "groups": [], "user_permissions": []}}, {"model": "smapp.estudiante", "pk": 1, "fields": {"primer_nombre": "Pedro", "segundo_nombre": null, "apellido_paterno": "Martínez", "apellido_materno": null, "tipo_documento": "CC", "numero_documento": "98765432-1", "fecha_nacimiento": "2008-03-20", "genero": "M", "direccion": null, "telefono": null, "email": "pedro.martinez@estudiante.cl", "codigo_estudiante": "EST001", "fecha_ingreso": "2025-06-30", "user": ["est_pedro"]}}, {"model": "smapp.estudiante", "pk": 2, "fields": {"primer_nombre": "asd", "segundo_nombre": "asd", "apellido_paterno": "asd", "apellido_materno": "asd", "tipo_documento": "CC", "numero_documento": "20.589.644-9", "fecha_nacimiento": "2009-02-28", "genero": "M", "direccion": "asd", "telefono": "2932932", "email": "asd@asd.com", "codigo_estudiante": "asd", "fecha_ingreso": "2025-06-30", "user": ["asd"]}}, {"model": "smapp.estudiante", "pk": 3, "fields": {"primer_nombre": "Carlos", "segundo_nombre": null, "apellido_paterno": "Méndez", "apellido_materno": "", "tipo_documento": "CC", "numero_documento": "12.345.679-3", "fecha_nacimiento": "2008-01-01", "genero": "M", "direccion": "Dirección ejemplo", "telefono": "987654321", "email": "carlos.mendez@estudiantes.cl", "codigo_estudiante": "EST003", "fecha_ingreso": "2025-07-02", "user": ["est_carlos"]}}, {"model": "smapp.estudiante", "pk": 4, "fields": {"primer_nombre": "Sofía", "segundo_nombre": null, "apellido_paterno": "Torres", "apellido_materno": "", "tipo_documento": "CC", "numero_documento": "12.345.679-4", "fecha_nacimiento": "2008-01-01", "genero": "F", "direccion": "Dirección ejemplo", "telefono": "987654321", "email": "sofia.torres@estudiantes.cl", "codigo_estudiante": "EST004", "fecha_ingreso": "2025-07-02", "user": ["est_sofia"]}}, {"model": "smapp.estudiante", "pk": 5, "fields": {"primer_nombre": "Diego", "segundo_nombre": null, "apellido_paterno": "Ruiz", "apellido_materno": "", "tipo_documento": "CC", "numero_documento": "12.345.679-5", "fecha_nacimiento": "2008-01-01", "genero": "M", "direccion": "Dirección ejemplo", "telefono": "987654321", "email": "diego.ruiz@estudiantes.cl", "codigo_estudiante": "EST005", "fecha_ingreso": "2025-07-02", "user": ["est_diego"]}}, {"model": "smapp.estudiante", "pk": 6, "fields": {"primer_nombre": "Lucía", "segundo_nombre": null, "apellido_paterno": "Castro", "apellido_materno": "", "tipo_documento": "CC", "numero_documento": "12.345.679-6", "fecha_nacimiento": "2008-01-01", "genero": "F", "direccion": "Dirección ejemplo", "telefono": "987654321", "email": "lucia.castro@estudiantes.cl", "codigo_estudiante": "EST006", "fecha_ingreso": "2025-07-02", "user": ["est_lucia"]}}, {"model": "smapp.estudiante", "pk": 11, "fields": {"primer_nombre": "Juan", "segundo_nombre": null, "apellido_paterno": "Pérez", "apellido_materno": "González", "tipo_documento": "CC", "numero_documento": "20234567", "fecha_nacimiento": "2007-07-02", "genero": "M", "direccion": null, "telefono": null, "email": "juan.perez@colegio.cl", "codigo_estudiante": "EST2023001", "fecha_ingreso": "2025-07-02", "user": ["juan_perez_alumno"]}}, {"model": "smapp.estudiante", "pk": 13, "fields": {"primer_nombre": "asdasd", "segundo_nombre": "asdasd", "apellido_paterno": "asdasd", "apellido_materno": "asdasd", "tipo_documento": "CC", "numero_documento": "22.222.222-2", "fecha_nacimiento": "2005-02-02", "genero": "M", "direccion": "asd", "telefono": "12312312", "email": "asd@asdasd.asd", "codigo_estudiante": "asdasd", "fecha_ingreso": "2025-07-02", "user": ["asdasd"]}}, {"model": "smapp.estudiante", "pk": 14, "fields": {"primer_nombre": "Ana", "segundo_nombre": null, "apellido_paterno": "González", "apellido_materno": null, "tipo_documento": "RUT", "numero_documento": "20111111-1", "fecha_nacimiento": "2008-01-01", "genero": "", "direccion": "Dirección 1", "telefono": "987654300", "email": "", "codigo_estudiante": "", "fecha_ingreso": "2025-07-05", "user": ["estudiante_1"]}}, {"model": "smapp.estudiante", "pk": 15, "fields": {"primer_nombre": "Sofía", "segundo_nombre": null, "apellido_paterno": "Ramírez", "apellido_materno": null, "tipo_documento": "RUT", "numero_documento": "21000100-0", "fecha_nacimiento": "2008-03-15", "genero": "M", "direccion": "Calle Ramírez 100", "telefono": "900000001", "email": "est_est2025001@estudiantes.edu", "codigo_estudiante": "EST2025001", "fecha_ingreso": "2025-07-05", "user": ["est_est2025001"]}}, {"model": "smapp.estudiante", "pk": 16, "fields": {"primer_nombre": "Mateo", "segundo_nombre": null, "apellido_paterno": "Torres", "apellido_materno": null, "tipo_documento": "RUT", "numero_documento": "21000101-1", "fecha_nacimiento": "2008-04-15", "genero": "F", "direccion": "Calle Torres 101", "telefono": "900000002", "email": "est_est2025002@estudiantes.edu", "codigo_estudiante": "EST2025002", "fecha_ingreso": "2025-07-05", "user": ["est_est2025002"]}}, {"model": "smapp.estudiante", "pk": 17, "fields": {"primer_nombre": "Valentina", "segundo_nombre": null, "apellido_paterno": "Silva", "apellido_materno": null, "tipo_documento": "RUT", "numero_documento": "21000102-2", "fecha_nacimiento": "2008-05-15", "genero": "M", "direccion": "Calle Silva 102", "telefono": "900000003", "email": "est_est2025003@estudiantes.edu", "codigo_estudiante": "EST2025003", "fecha_ingreso": "2025-07-05", "user": ["est_est2025003"]}}, {"model": "smapp.estudiante", "pk": 18, "fields": {"primer_nombre": "Joaquín", "segundo_nombre": null, "apellido_paterno": "Morales", "apellido_materno": null, "tipo_documento": "RUT", "numero_documento": "21000103-3", "fecha_nacimiento": "2008-06-15", "genero": "F", "direccion": "Calle Morales 103", "telefono": "900000004", "email": "est_est2025004@estudiantes.edu", "codigo_estudiante": "EST2025004", "fecha_ingreso": "2025-07-05", "user": ["est_est2025004"]}}, {"model": "smapp.estudiante", "pk": 19, "fields": {"primer_nombre": "Isabella", "segundo_nombre": null, "apellido_paterno": "Herrera", "apellido_materno": null, "tipo_documento": "RUT", "numero_documento": "21000104-4", "fecha_nacimiento": "2008-07-15", "genero": "M", "direccion": "Calle Herrera 104", "telefono": "900000005", "email": "est_est2025005@estudiantes.edu", "codigo_estudiante": "EST2025005", "fecha_ingreso": "2025-07-05", "user": ["est_est2025005"]}}, {"model": "smapp.estudiante", "pk": 20, "fields": {"primer_nombre": "Emilio", "segundo_nombre": null, "apellido_paterno": "Castro", "apellido_materno": null, "tipo_documento": "RUT", "numero_documento": "21000105-5", "fecha_nacimiento": "2008-08-15", "genero": "F", "direccion": "Calle Castro 105", "telefono": "900000006", "email": "est_est2025006@estudiantes.edu", "codigo_estudiante": "EST2025006", "fecha_ingreso": "2025-07-05", "user": ["est_est2025006"]}}, {"model": "smapp.estudiante", "pk": 21, "fields": {"primer_nombre": "Martina", "segundo_nombre": null, "apellido_paterno": "Vega", "apellido_materno": null, "tipo_documento": "RUT", "numero_documento": "21000106-6", "fecha_nacimiento": "2008-09-15", "genero": "M", "direccion": "Calle Vega 106", "telefono": "900000007", "email": "est_est2025007@estudiantes.edu", "codigo_estudiante": "EST2025007", "fecha_ingreso": "2025-07-05", "user": ["est_est2025007"]}}, {"model": "smapp.estudiante", "pk": 22, "fields": {"primer_nombre": "Nicolás", "segundo_nombre": null, "apellido_paterno": "Rojas", "apellido_materno": null, "tipo_documento": "RUT", "numero_documento": "21000107-7", "fecha_nacimiento": "2008-10-15", "genero": "F", "direccion": "Calle Rojas 107", "telefono": "900000008", "email": "est_est2025008@estudiantes.edu", "codigo_estudiante": "EST2025008", "fecha_ingreso": "2025-07-05", "user": ["est_est2025008"]}}, {"model": "smapp.profesor", "pk": 1, "fields": {"primer_nombre": "María", "segundo_nombre": null, "apellido_paterno": "González", "apellido_materno": null, "tipo_documento": "CC", "numero_documento": "12345678-9", "fecha_nacimiento": "1985-05-15", "genero": "F", "direccion": null, "telefono": null, "email": "maria.gonzalez@escuela.cl", "codigo_profesor": "PROF001", "especialidad": "Matemáticas", "fecha_contratacion": "2025-06-30", "user": ["prof_matematicas"], "asignaturas": []}}, {"model": "smapp.profesor", "pk": 2, "fields": {"primer_nombre": "asdasd", "segundo_nombre": "asdasd", "apellido_paterno": "asdasd", "apellido_materno": "asdasd", "tipo_documento": "CC", "numero_documento": "22.222.222-2", "fecha_nacimiento": "2000-08-12", "genero": "M", "direccion": "asd", "telefono": "1231231", "email": "asd@asdasd.com", "codigo_profesor": "asda", "especialidad": "asd", "fecha_contratacion": "2025-06-30", "user": ["asds"], "asignaturas": []}}, {"model": "smapp.profesor", "pk": 9, "fields": {"primer_nombre": "qwe", "segundo_nombre": "wqe", "apellido_paterno": "qwe", "apellido_materno": "qwe", "tipo_documento": "CC", "numero_documento": "11.111.111-1", "fecha_nacimiento": "1996-01-09", "genero": "M", "direccion": "qwe", "telefono": "212838238128", "email": "qwe@qwe.qwe", "codigo_profesor": "qwe", "especialidad": "qwe", "fecha_contratacion": "2025-07-03", "user": ["qwe"], "asignaturas": [11]}}, {"model": "smapp.curso", "pk": 1, "fields": {"nivel": "1B", "paralelo": "A", "anio": 2025, "profesor_jefe": null, "estudiantes": [4], "asignaturas": [1, 2, 3, 4, 8, 9, 10, 11]}}, {"model": "smapp.curso", "pk": 2, "fields": {"nivel": "1M", "paralelo": "A", "anio": 2025, "profesor_jefe": null, "estudiantes": [14, 15, 16, 17, 18, 19, 20, 21, 22], "asignaturas": [2, 12, 13, 14, 15]}}, {"model": "smapp.curso", "pk": 3, "fields": {"nivel": "1M", "paralelo": "F", "anio": 2025, "profesor_jefe": 1, "estudiantes": [2, 13], "asignaturas": [9, 11]}}, {"model": "smapp.curso", "pk": 6, "fields": {"nivel": "8B", "paralelo": "A", "anio": 2025, "profesor_jefe": null, "estudiantes": [], "asignaturas": []}}, {"model": "smapp.curso", "pk": 7, "fields": {"nivel": "2M", "paralelo": "A", "anio": 2025, "profesor_jefe": 9, "estudiantes": [2, 11], "asignaturas": [1]}}, {"model": "smapp.curso", "pk": 8, "fields": {"nivel": "1M", "paralelo": "A", "anio": 2024, "profesor_jefe": 9, "estudiantes": [], "asignaturas": [1, 11]}}, {"model": "smapp.asignatura", "pk": 1, "fields": {"nombre": "Biología", "codigo_asignatura": "asdasd", "descripcion": "asdasd", "profesor_responsable": 1}}, {"model": "smapp.asignatura", "pk": 2, "fields": {"nombre": "Matemáticas", "codigo_asignatura": "MAT001", "descripcion": "Asignatura de matemáticas básicas", "profesor_responsable": null}}, {"model": "smapp.asignatura", "pk": 3, "fields": {"nombre": "Biología", "codigo_asignatura": "BIO001", "descripcion": "Asignatura de ciencias biológicas", "profesor_responsable": 1}}, {"model": "smapp.asignatura", "pk": 4, "fields": {"nombre": "asdasd", "codigo_asignatura": "asdasdasd", "descripcion": "asdasdas", "profesor_responsable": null}}, {"model": "smapp.asignatura", "pk": 8, "fields": {"nombre": "Matemáticas TEST", "codigo_asignatura": "TESTMAT001", "descripcion": "Asignatura de matemáticas para pruebas", "profesor_responsable": null}}, {"model": "smapp.asignatura", "pk": 9, "fields": {"nombre": "Lenguaje TEST", "codigo_asignatura": "TESTLEN001", "descripcion": "Asignatura de lenguaje para pruebas", "profesor_responsable": 9}}, {"model": "smapp.asignatura", "pk": 10, "fields": {"nombre": "Ciencias TEST", "codigo_asignatura": "TESTCIE001", "descripcion": "Asignatura de ciencias para pruebas", "profesor_responsable": 2}}, {"model": "smapp.asignatura", "pk": 11, "fields": {"nombre": "Matemáticas Test", "codigo_asignatura": "MAT_TEST", "descripcion": "Asignatura de prueba", "profesor_responsable": null}}, {"model": "smapp.asignatura", "pk": 12, "fields": {"nombre": "Lenguaje", "codigo_asignatura": "LEN001", "descripcion": null, "profesor_responsable": 1}}, {"model": "smapp.asignatura", "pk": 13, "fields": {"nombre": "Historia", "codigo_asignatura": "HIS001", "descripcion": null, "profesor_responsable": 1}}, {"model": "smapp.asignatura", "pk": 14, "fields": {"nombre": "Ciencias", "codigo_asignatura": "CIE001", "descripcion": null, "profesor_responsable": 1}}, {"model": "smapp.asignatura", "pk": 15, "fields": {"nombre": "Inglés", "codigo_asignatura": "ING001", "descripcion": null, "profesor_responsable": 1}}, {"model": "smapp.periodoacademico", "pk": 1, "fields": {"nombre": "Año Lectivo 2025", "fecha_inicio": "2025-03-01", "fecha_fin": "2025-12-15", "activo": true}}, {"model": "smapp.periodoacademico", "pk": 5, "fields": {"nombre": "TEST Periodo 2025", "fecha_inicio": "2025-07-02", "fecha_fin": "2025-12-31", "activo": true}}, {"model": "smapp.periodoacademico", "pk": 6, "fields": {"nombre": "Año Escolar 2025", "fecha_inicio": "2025-03-01", "fecha_fin": "2025-12-20", "activo": true}}, {"model": "smapp.grupo", "pk": 1, "fields": {"asignatura": 1, "profesor": 1, "periodo_academico": 1, "salon": null, "capacidad_maxima": 50}}, {"model": "smapp.grupo", "pk": 2, "fields": {"asignatura": 4, "profesor": 1, "periodo_academico": 1, "salon": null, "capacidad_maxima": 50}}, {"model": "smapp.grupo", "pk": 3, "fields": {"asignatura": 2, "profesor": 1, "periodo_academico": 1, "salon": null, "capacidad_maxima": 50}}, {"model": "smapp.grupo", "pk": 7, "fields": {"asignatura": 8, "profesor": null, "periodo_academico": 5, "salon": null, "capacidad_maxima": 30}}, {"model": "smapp.grupo", "pk": 8, "fields": {"asignatura": 9, "profesor": null, "periodo_academico": 5, "salon": null, "capacidad_maxima": 30}}, {"model": "smapp.grupo", "pk": 9, "fields": {"asignatura": 10, "profesor": null, "periodo_academico": 5, "salon": null, "capacidad_maxima": 30}}, {"model": "smapp.grupo", "pk": 10, "fields": {"asignatura": 9, "profesor": null, "periodo_academico": 1, "salon": null, "capacidad_maxima": 50}}, {"model": "smapp.grupo", "pk": 11, "fields": {"asignatura": 3, "profesor": 1, "periodo_academico": 1, "salon": null, "capacidad_maxima": 50}}, {"model": "smapp.grupo", "pk": 12, "fields": {"asignatura": 10, "profesor": 2, "periodo_academico": 1, "salon": null, "capacidad_maxima": 50}}, {"model": "smapp.grupo", "pk": 13, "fields": {"asignatura": 8, "profesor": null, "periodo_academico": 1, "salon": null, "capacidad_maxima": 50}}, {"model": "smapp.grupo", "pk": 14, "fields": {"asignatura": 11, "profesor": 9, "periodo_academico": 1, "salon": null, "capacidad_maxima": 50}}, {"model": "smapp.grupo", "pk": 15, "fields": {"asignatura": 8, "profesor": 9, "periodo_academico": 1, "salon": null, "capacidad_maxima": 50}}, {"model": "smapp.grupo", "pk": 16, "fields": {"asignatura": 3, "profesor": 9, "periodo_academico": 1, "salon": null, "capacidad_maxima": 50}}, {"model": "smapp.grupo", "pk": 17, "fields": {"asignatura": 2, "profesor": 9, "periodo_academico": 1, "salon": null, "capacidad_maxima": 50}}, {"model": "smapp.grupo", "pk": 18, "fields": {"asignatura": 4, "profesor": 9, "periodo_academico": 1, "salon": null, "capacidad_maxima": 50}}, {"model": "smapp.grupo", "pk": 19, "fields": {"asignatura": 9, "profesor": 9, "periodo_academico": 1, "salon": null, "capacidad_maxima": 50}}, {"model": "smapp.grupo", "pk": 20, "fields": {"asignatura": 2, "profesor": 1, "periodo_academico": 6, "salon": null, "capacidad_maxima": 30}}, {"model": "smapp.grupo", "pk": 21, "fields": {"asignatura": 12, "profesor": 1, "periodo_academico": 6, "salon": null, "capacidad_maxima": 30}}, {"model": "smapp.grupo", "pk": 22, "fields": {"asignatura": 13, "profesor": 1, "periodo_academico": 6, "salon": null, "capacidad_maxima": 30}}, {"model": "smapp.grupo", "pk": 23, "fields": {"asignatura": 14, "profesor": 1, "periodo_academico": 6, "salon": null, "capacidad_maxima": 30}}, {"model": "smapp.grupo", "pk": 24, "fields": {"asignatura": 15, "profesor": 1, "periodo_academico": 6, "salon": null, "capacidad_maxima": 30}}, {"model": "smapp.inscripcion", "pk": 1, "fields": {"estudiante": 1, "grupo": 1, "fecha_inscripcion": "2025-06-30", "calificacion_final": null}}, {"model": "smapp.inscripcion", "pk": 2, "fields": {"estudiante": 1, "grupo": 2, "fecha_inscripcion": "2025-06-30", "calificacion_final": null}}, {"model": "smapp.inscripcion", "pk": 3, "fields": {"estudiante": 2, "grupo": 2, "fecha_inscripcion": "2025-07-02", "calificacion_final": null}}, {"model": "smapp.inscripcion", "pk": 4, "fields": {"estudiante": 2, "grupo": 3, "fecha_inscripcion": "2025-07-02", "calificacion_final": null}}, {"model": "smapp.inscripcion", "pk": 5, "fields": {"estudiante": 3, "grupo": 1, "fecha_inscripcion": "2025-07-02", "calificacion_final": null}}, {"model": "smapp.inscripcion", "pk": 6, "fields": {"estudiante": 4, "grupo": 1, "fecha_inscripcion": "2025-07-02", "calificacion_final": null}}, {"model": "smapp.inscripcion", "pk": 7, "fields": {"estudiante": 5, "grupo": 1, "fecha_inscripcion": "2025-07-02", "calificacion_final": null}}, {"model": "smapp.inscripcion", "pk": 8, "fields": {"estudiante": 6, "grupo": 1, "fecha_inscripcion": "2025-07-02", "calificacion_final": null}}, {"model": "smapp.inscripcion", "pk": 15, "fields": {"estudiante": 13, "grupo": 3, "fecha_inscripcion": "2025-07-02", "calificacion_final": null}}, {"model": "smapp.inscripcion", "pk": 16, "fields": {"estudiante": 11, "grupo": 10, "fecha_inscripcion": "2025-07-03", "calificacion_final": null}}, {"model": "smapp.inscripcion", "pk": 17, "fields": {"estudiante": 11, "grupo": 2, "fecha_inscripcion": "2025-07-03", "calificacion_final": null}}, {"model": "smapp.inscripcion", "pk": 18, "fields": {"estudiante": 11, "grupo": 11, "fecha_inscripcion": "2025-07-03", "calificacion_final": null}}, {"model": "smapp.inscripcion", "pk": 19, "fields": {"estudiante": 11, "grupo": 12, "fecha_inscripcion": "2025-07-03", "calificacion_final": null}}, {"model": "smapp.inscripcion", "pk": 20, "fields": {"estudiante": 11, "grupo": 3, "fecha_inscripcion": "2025-07-03", "calificacion_final": null}}, {"model": "smapp.inscripcion", "pk": 21, "fields": {"estudiante": 11, "grupo": 13, "fecha_inscripcion": "2025-07-03", "calificacion_final": null}}, {"model": "smapp.inscripcion", "pk": 22, "fields": {"estudiante": 1, "grupo": 11, "fecha_inscripcion": "2025-07-03", "calificacion_final": null}}, {"model": "smapp.inscripcion", "pk": 23, "fields": {"estudiante": 3, "grupo": 11, "fecha_inscripcion": "2025-07-03", "calificacion_final": null}}, {"model": "smapp.inscripcion", "pk": 24, "fields": {"estudiante": 4, "grupo": 11, "fecha_inscripcion": "2025-07-03", "calificacion_final": null}}, {"model": "smapp.inscripcion", "pk": 25, "fields": {"estudiante": 5, "grupo": 11, "fecha_inscripcion": "2025-07-03", "calificacion_final": null}}, {"model": "smapp.inscripcion", "pk": 26, "fields": {"estudiante": 6, "grupo": 11, "fecha_inscripcion": "2025-07-03", "calificacion_final": null}}, {"model": "smapp.inscripcion", "pk": 27, "fields": {"estudiante": 2, "grupo": 1, "fecha_inscripcion": "2025-07-03", "calificacion_final": null}}, {"model": "smapp.inscripcion", "pk": 28, "fields": {"estudiante": 13, "grupo": 1, "fecha_inscripcion": "2025-07-03", "calificacion_final": null}}, {"model": "smapp.inscripcion", "pk": 29, "fields": {"estudiante": 2, "grupo": 14, "fecha_inscripcion": "2025-07-03", "calificacion_final": null}}, {"model": "smapp.inscripcion", "pk": 30, "fields": {"estudiante": 2, "grupo": 15, "fecha_inscripcion": "2025-07-03", "calificacion_final": null}}, {"model": "smapp.inscripcion", "pk": 31, "fields": {"estudiante": 11, "grupo": 15, "fecha_inscripcion": "2025-07-03", "calificacion_final": null}}, {"model": "smapp.inscripcion", "pk": 32, "fields": {"estudiante": 2, "grupo": 16, "fecha_inscripcion": "2025-07-03", "calificacion_final": null}}, {"model": "smapp.inscripcion", "pk": 33, "fields": {"estudiante": 11, "grupo": 16, "fecha_inscripcion": "2025-07-03", "calificacion_final": null}}, {"model": "smapp.inscripcion", "pk": 34, "fields": {"estudiante": 2, "grupo": 17, "fecha_inscripcion": "2025-07-03", "calificacion_final": null}}, {"model": "smapp.inscripcion", "pk": 35, "fields": {"estudiante": 11, "grupo": 17, "fecha_inscripcion": "2025-07-03", "calificacion_final": null}}, {"model": "smapp.inscripcion", "pk": 36, "fields": {"estudiante": 2, "grupo": 18, "fecha_inscripcion": "2025-07-03", "calificacion_final": null}}, {"model": "smapp.inscripcion", "pk": 37, "fields": {"estudiante": 11, "grupo": 18, "fecha_inscripcion": "2025-07-03", "calificacion_final": null}}, {"model": "smapp.inscripcion", "pk": 38, "fields": {"estudiante": 4, "grupo": 14, "fecha_inscripcion": "2025-07-03", "calificacion_final": null}}, {"model": "smapp.inscripcion", "pk": 39, "fields": {"estudiante": 2, "grupo": 19, "fecha_inscripcion": "2025-07-05", "calificacion_final": null}}, {"model": "smapp.inscripcion", "pk": 40, "fields": {"estudiante": 13, "grupo": 19, "fecha_inscripcion": "2025-07-05", "calificacion_final": null}}, {"model": "smapp.inscripcion", "pk": 41, "fields": {"estudiante": 4, "grupo": 19, "fecha_inscripcion": "2025-07-05", "calificacion_final": null}}, {"model": "smapp.inscripcion", "pk": 42, "fields": {"estudiante": 14, "grupo": 20, "fecha_inscripcion": "2025-07-05", "calificacion_final": null}}, {"model": "smapp.inscripcion", "pk": 43, "fields": {"estudiante": 14, "grupo": 21, "fecha_inscripcion": "2025-07-05", "calificacion_final": null}}, {"model": "smapp.inscripcion", "pk": 44, "fields": {"estudiante": 14, "grupo": 22, "fecha_inscripcion": "2025-07-05", "calificacion_final": null}}, {"model": "smapp.inscripcion", "pk": 45, "fields": {"estudiante": 14, "grupo": 23, "fecha_inscripcion": "2025-07-05", "calificacion_final": null}}, {"model": "smapp.inscripcion", "pk": 46, "fields": {"estudiante": 14, "grupo": 24, "fecha_inscripcion": "2025-07-05", "calificacion_final": null}}, {"model": "smapp.inscripcion", "pk": 52, "fields": {"estudiante": 15, "grupo": 20, "fecha_inscripcion": "2025-07-05", "calificacion_final": null}}, {"model": "smapp.inscripcion", "pk": 53, "fields": {"estudiante": 15, "grupo": 21, "fecha_inscripcion": "2025-07-05", "calificacion_final": null}}, {"model": "smapp.inscripcion", "pk": 54, "fields": {"estudiante": 15, "grupo": 22, "fecha_inscripcion": "2025-07-05", "calificacion_final": null}}, {"model": "smapp.inscripcion", "pk": 55, "fields": {"estudiante": 15, "grupo": 23, "fecha_inscripcion": "2025-07-05", "calificacion_final": null}}, {"model": "smapp.inscripcion", "pk": 56, "fields": {"estudiante": 15, "grupo": 24, "fecha_inscripcion": "2025-07-05", "calificacion_final": null}}, {"model": "smapp.inscripcion", "pk": 57, "fields": {"estudiante": 16, "grupo": 20, "fecha_inscripcion": "2025-07-05", "calificacion_final": null}}, {"model": "smapp.inscripcion", "pk": 58, "fields": {"estudiante": 16, "grupo": 21, "fecha_inscripcion": "2025-07-05", "calificacion_final": null}}, {"model": "smapp.inscripcion", "pk": 59, "fields": {"estudiante": 16, "grupo": 22, "fecha_inscripcion": "2025-07-05", "calificacion_final": null}}, {"model": "smapp.inscripcion", "pk": 60, "fields": {"estudiante": 16, "grupo": 23, "fecha_inscripcion": "2025-07-05", "calificacion_final": null}}, {"model": "smapp.inscripcion", "pk": 61, "fields": {"estudiante": 16, "grupo": 24, "fecha_inscripcion": "2025-07-05", "calificacion_final": null}}, {"model": "smapp.inscripcion", "pk": 62, "fields": {"estudiante": 17, "grupo": 20, "fecha_inscripcion": "2025-07-05", "calificacion_final": null}}, {"model": "smapp.inscripcion", "pk": 63, "fields": {"estudiante": 17, "grupo": 21, "fecha_inscripcion": "2025-07-05", "calificacion_final": null}}, {"model": "smapp.inscripcion", "pk": 64, "fields": {"estudiante": 17, "grupo": 22, "fecha_inscripcion": "2025-07-05", "calificacion_final": null}}, {"model": "smapp.inscripcion", "pk": 65, "fields": {"estudiante": 17, "grupo": 23, "fecha_inscripcion": "2025-07-05", "calificacion_final": null}}, {"model": "smapp.inscripcion", "pk": 66, "fields": {"estudiante": 17, "grupo": 24, "fecha_inscripcion": "2025-07-05", "calificacion_final": null}}, {"model": "smapp.inscripcion", "pk": 67, "fields": {"estudiante": 18, "grupo": 20, "fecha_inscripcion": "2025-07-05", "calificacion_final": null}}, {"model": "smapp.inscripcion", "pk": 68, "fields": {"estudiante": 18, "grupo": 21, "fecha_inscripcion": "2025-07-05", "calificacion_final": null}}, {"model": "smapp.inscripcion", "pk": 69, "fields": {"estudiante": 18, "grupo": 22, "fecha_inscripcion": "2025-07-05", "calificacion_final": null}}, {"model": "smapp.inscripcion", "pk": 70, "fields": {"estudiante": 18, "grupo": 23, "fecha_inscripcion": "2025-07-05", "calificacion_final": null}}, {"model": "smapp.inscripcion", "pk": 71, "fields": {"estudiante": 18, "grupo": 24, "fecha_inscripcion": "2025-07-05", "calificacion_final": null}}, {"model": "smapp.inscripcion", "pk": 72, "fields": {"estudiante": 19, "grupo": 20, "fecha_inscripcion": "2025-07-05", "calificacion_final": null}}, {"model": "smapp.inscripcion", "pk": 73, "fields": {"estudiante": 19, "grupo": 21, "fecha_inscripcion": "2025-07-05", "calificacion_final": null}}, {"model": "smapp.inscripcion", "pk": 74, "fields": {"estudiante": 19, "grupo": 22, "fecha_inscripcion": "2025-07-05", "calificacion_final": null}}, {"model": "smapp.inscripcion", "pk": 75, "fields": {"estudiante": 19, "grupo": 23, "fecha_inscripcion": "2025-07-05", "calificacion_final": null}}, {"model": "smapp.inscripcion", "pk": 76, "fields": {"estudiante": 19, "grupo": 24, "fecha_inscripcion": "2025-07-05", "calificacion_final": null}}, {"model": "smapp.inscripcion", "pk": 77, "fields": {"estudiante": 20, "grupo": 20, "fecha_inscripcion": "2025-07-05", "calificacion_final": null}}, {"model": "smapp.inscripcion", "pk": 78, "fields": {"estudiante": 20, "grupo": 21, "fecha_inscripcion": "2025-07-05", "calificacion_final": null}}, {"model": "smapp.inscripcion", "pk": 79, "fields": {"estudiante": 20, "grupo": 22, "fecha_inscripcion": "2025-07-05", "calificacion_final": null}}, {"model": "smapp.inscripcion", "pk": 80, "fields": {"estudiante": 20, "grupo": 23, "fecha_inscripcion": "2025-07-05", "calificacion_final": null}}, {"model": "smapp.inscripcion", "pk": 81, "fields": {"estudiante": 20, "grupo": 24, "fecha_inscripcion": "2025-07-05", "calificacion_final": null}}, {"model": "smapp.inscripcion", "pk": 82, "fields": {"estudiante": 21, "grupo": 20, "fecha_inscripcion": "2025-07-05", "calificacion_final": null}}, {"model": "smapp.inscripcion", "pk": 83, "fields": {"estudiante": 21, "grupo": 21, "fecha_inscripcion": "2025-07-05", "calificacion_final": null}}, {"model": "smapp.inscripcion", "pk": 84, "fields": {"estudiante": 21, "grupo": 22, "fecha_inscripcion": "2025-07-05", "calificacion_final": null}}, {"model": "smapp.inscripcion", "pk": 85, "fields": {"estudiante": 21, "grupo": 23, "fecha_inscripcion": "2025-07-05", "calificacion_final": null}}, {"model": "smapp.inscripcion", "pk": 86, "fields": {"estudiante": 21, "grupo": 24, "fecha_inscripcion": "2025-07-05", "calificacion_final": null}}, {"model": "smapp.inscripcion", "pk": 87, "fields": {"estudiante": 22, "grupo": 20, "fecha_inscripcion": "2025-07-05", "calificacion_final": null}}, {"model": "smapp.inscripcion", "pk": 88, "fields": {"estudiante": 22, "grupo": 21, "fecha_inscripcion": "2025-07-05", "calificacion_final": null}}, {"model": "smapp.inscripcion", "pk": 89, "fields": {"estudiante": 22, "grupo": 22, "fecha_inscripcion": "2025-07-05", "calificacion_final": null}}, {"model": "smapp.inscripcion", "pk": 90, "fields": {"estudiante": 22, "grupo": 23, "fecha_inscripcion": "2025-07-05", "calificacion_final": null}}, {"model": "smapp.inscripcion", "pk": 91, "fields": {"estudiante": 22, "grupo": 24, "fecha_inscripcion": "2025-07-05", "calificacion_final": null}}, {"model": "smapp.calificacion", "pk": 1, "fields": {"inscripcion": 1, "nombre_evaluacion": "Evaluación de Ejemplo", "puntaje": "4.50", "porcentaje": "58.00", "detalle": "Bueno", "descripcion": "Evaluación de prueba del sistema", "fecha_evaluacion": "2025-06-30"}}, {"model": "smapp.calificacion", "pk": 2, "fields": {"inscripcion": 1, "nombre_evaluacion": "Evaluación de Ejemplo", "puntaje": "4.90", "porcentaje": "65.00", "detalle": "Bueno", "descripcion": "Evaluación de prueba del sistema", "fecha_evaluacion": "2025-06-30"}}, {"model": "smapp.calificacion", "pk": 3, "fields": {"inscripcion": 1, "nombre_evaluacion": "asdasd", "puntaje": "4.00", "porcentaje": "20.00", "detalle": "asd", "descripcion": "asdasdasd", "fecha_evaluacion": "2025-06-30"}}, {"model": "smapp.calificacion", "pk": 4, "fields": {"inscripcion": 3, "nombre_evaluacion": "Evaluación de Ejemplo", "puntaje": "5.10", "porcentaje": "68.00", "detalle": "Muy bueno", "descripcion": "Evaluación de prueba del sistema", "fecha_evaluacion": "2025-07-02"}}, {"model": "smapp.calificacion", "pk": 5, "fields": {"inscripcion": 4, "nombre_evaluacion": "Evaluación de Ejemplo", "puntaje": "4.60", "porcentaje": "60.00", "detalle": "Bueno", "descripcion": "Evaluación de prueba del sistema", "fecha_evaluacion": "2025-07-02"}}, {"model": "smapp.calificacion", "pk": 11, "fields": {"inscripcion": 5, "nombre_evaluacion": "Evaluación de Ejemplo", "puntaje": "6.50", "porcentaje": "92.00", "detalle": "Excelente", "descripcion": "Evaluación de prueba del sistema", "fecha_evaluacion": "2025-07-02"}}, {"model": "smapp.calificacion", "pk": 12, "fields": {"inscripcion": 7, "nombre_evaluacion": "Evaluación de Ejemplo", "puntaje": "4.50", "porcentaje": "58.00", "detalle": "Bueno", "descripcion": "Evaluación de prueba del sistema", "fecha_evaluacion": "2025-07-02"}}, {"model": "smapp.calificacion", "pk": 13, "fields": {"inscripcion": 8, "nombre_evaluacion": "Evaluación de Ejemplo", "puntaje": "6.80", "porcentaje": "97.00", "detalle": "Excelente", "descripcion": "Evaluación de prueba del sistema", "fecha_evaluacion": "2025-07-02"}}, {"model": "smapp.calificacion", "pk": 14, "fields": {"inscripcion": 1, "nombre_evaluacion": "Evaluación de Ejemplo", "puntaje": "6.80", "porcentaje": "97.00", "detalle": "Excelente", "descripcion": "Evaluación de prueba del sistema", "fecha_evaluacion": "2025-07-02"}}, {"model": "smapp.calificacion", "pk": 15, "fields": {"inscripcion": 6, "nombre_evaluacion": "Evaluación de Ejemplo", "puntaje": "5.40", "porcentaje": "72.00", "detalle": "Muy bueno", "descripcion": "Evaluación de prueba del sistema", "fecha_evaluacion": "2025-07-02"}}, {"model": "smapp.calificacion", "pk": 16, "fields": {"inscripcion": 4, "nombre_evaluacion": "Evaluación de Ejemplo", "puntaje": "5.90", "porcentaje": "82.00", "detalle": "Muy bueno", "descripcion": "Evaluación de prueba del sistema", "fecha_evaluacion": "2025-07-02"}}, {"model": "smapp.calificacion", "pk": 17, "fields": {"inscripcion": 15, "nombre_evaluacion": "Evaluación de Ejemplo", "puntaje": "5.50", "porcentaje": "75.00", "detalle": "Muy bueno", "descripcion": "Evaluación de prueba del sistema", "fecha_evaluacion": "2025-07-02"}}, {"model": "smapp.calificacion", "pk": 18, "fields": {"inscripcion": 4, "nombre_evaluacion": "Evaluación de Ejemplo", "puntaje": "7.00", "porcentaje": "62.00", "detalle": "Bueno", "descripcion": "Evaluación de prueba del sistema", "fecha_evaluacion": "2025-07-03"}}, {"model": "smapp.calificacion", "pk": 19, "fields": {"inscripcion": 15, "nombre_evaluacion": "Evaluación de Ejemplo", "puntaje": "4.20", "porcentaje": "53.00", "detalle": "Bueno", "descripcion": "Evaluación de prueba del sistema", "fecha_evaluacion": "2025-07-03"}}, {"model": "smapp.calificacion", "pk": 20, "fields": {"inscripcion": 39, "nombre_evaluacion": "Evaluación de Ejemplo", "puntaje": "5.10", "porcentaje": "68.00", "detalle": "Muy bueno", "descripcion": "Evaluación de prueba del sistema", "fecha_evaluacion": "2025-07-05"}}, {"model": "smapp.calificacion", "pk": 21, "fields": {"inscripcion": 40, "nombre_evaluacion": "Evaluación de Ejemplo", "puntaje": "4.40", "porcentaje": "57.00", "detalle": "Bueno", "descripcion": "Evaluación de prueba del sistema", "fecha_evaluacion": "2025-07-05"}}, {"model": "smapp.calificacion", "pk": 22, "fields": {"inscripcion": 42, "nombre_evaluacion": "Prueba 3", "puntaje": "6.50", "porcentaje": "0.00", "detalle": null, "descripcion": null, "fecha_evaluacion": "2025-07-05"}}, {"model": "smapp.calificacion", "pk": 23, "fields": {"inscripcion": 42, "nombre_evaluacion": "Proyecto Final", "puntaje": "6.70", "porcentaje": "0.00", "detalle": null, "descripcion": null, "fecha_evaluacion": "2025-07-05"}}, {"model": "smapp.calificacion", "pk": 24, "fields": {"inscripcion": 42, "nombre_evaluacion": "Prueba 2", "puntaje": "6.50", "porcentaje": "0.00", "detalle": null, "descripcion": null, "fecha_evaluacion": "2025-07-05"}}, {"model": "smapp.calificacion", "pk": 25, "fields": {"inscripcion": 42, "nombre_evaluacion": "Trabajo en Clase", "puntaje": "6.40", "porcentaje": "0.00", "detalle": null, "descripcion": null, "fecha_evaluacion": "2025-07-05"}}, {"model": "smapp.calificacion", "pk": 26, "fields": {"inscripcion": 43, "nombre_evaluacion": "Prueba 3", "puntaje": "6.30", "porcentaje": "0.00", "detalle": null, "descripcion": null, "fecha_evaluacion": "2025-07-05"}}, {"model": "smapp.calificacion", "pk": 27, "fields": {"inscripcion": 43, "nombre_evaluacion": "Proyecto Final", "puntaje": "6.50", "porcentaje": "0.00", "detalle": null, "descripcion": null, "fecha_evaluacion": "2025-07-05"}}, {"model": "smapp.calificacion", "pk": 28, "fields": {"inscripcion": 43, "nombre_evaluacion": "Trabajo en Clase", "puntaje": "6.40", "porcentaje": "0.00", "detalle": null, "descripcion": null, "fecha_evaluacion": "2025-07-05"}}, {"model": "smapp.calificacion", "pk": 29, "fields": {"inscripcion": 43, "nombre_evaluacion": "Prueba 2", "puntaje": "6.90", "porcentaje": "0.00", "detalle": null, "descripcion": null, "fecha_evaluacion": "2025-07-05"}}, {"model": "smapp.calificacion", "pk": 30, "fields": {"inscripcion": 44, "nombre_evaluacion": "Trabajo en Clase", "puntaje": "6.60", "porcentaje": "0.00", "detalle": null, "descripcion": null, "fecha_evaluacion": "2025-07-05"}}, {"model": "smapp.calificacion", "pk": 31, "fields": {"inscripcion": 44, "nombre_evaluacion": "Prueba 1", "puntaje": "6.10", "porcentaje": "0.00", "detalle": null, "descripcion": null, "fecha_evaluacion": "2025-07-05"}}, {"model": "smapp.calificacion", "pk": 32, "fields": {"inscripcion": 44, "nombre_evaluacion": "Proyecto Final", "puntaje": "6.50", "porcentaje": "0.00", "detalle": null, "descripcion": null, "fecha_evaluacion": "2025-07-05"}}, {"model": "smapp.calificacion", "pk": 33, "fields": {"inscripcion": 44, "nombre_evaluacion": "Prueba 2", "puntaje": "6.10", "porcentaje": "0.00", "detalle": null, "descripcion": null, "fecha_evaluacion": "2025-07-05"}}, {"model": "smapp.calificacion", "pk": 34, "fields": {"inscripcion": 45, "nombre_evaluacion": "Prueba 3", "puntaje": "6.90", "porcentaje": "0.00", "detalle": null, "descripcion": null, "fecha_evaluacion": "2025-07-05"}}, {"model": "smapp.calificacion", "pk": 35, "fields": {"inscripcion": 45, "nombre_evaluacion": "Prueba 1", "puntaje": "6.90", "porcentaje": "0.00", "detalle": null, "descripcion": null, "fecha_evaluacion": "2025-07-05"}}, {"model": "smapp.calificacion", "pk": 36, "fields": {"inscripcion": 45, "nombre_evaluacion": "Trabajo en Clase", "puntaje": "6.30", "porcentaje": "0.00", "detalle": null, "descripcion": null, "fecha_evaluacion": "2025-07-05"}}, {"model": "smapp.calificacion", "pk": 37, "fields": {"inscripcion": 45, "nombre_evaluacion": "Prueba 2", "puntaje": "6.40", "porcentaje": "0.00", "detalle": null, "descripcion": null, "fecha_evaluacion": "2025-07-05"}}, {"model": "smapp.calificacion", "pk": 38, "fields": {"inscripcion": 46, "nombre_evaluacion": "Proyecto Final", "puntaje": "6.40", "porcentaje": "0.00", "detalle": null, "descripcion": null, "fecha_evaluacion": "2025-07-05"}}, {"model": "smapp.calificacion", "pk": 39, "fields": {"inscripcion": 46, "nombre_evaluacion": "Prueba 3", "puntaje": "6.50", "porcentaje": "0.00", "detalle": null, "descripcion": null, "fecha_evaluacion": "2025-07-05"}}, {"model": "smapp.calificacion", "pk": 40, "fields": {"inscripcion": 46, "nombre_evaluacion": "Prueba 2", "puntaje": "6.10", "porcentaje": "0.00", "detalle": null, "descripcion": null, "fecha_evaluacion": "2025-07-05"}}, {"model": "smapp.calificacion", "pk": 41, "fields": {"inscripcion": 46, "nombre_evaluacion": "Prueba 1", "puntaje": "6.30", "porcentaje": "0.00", "detalle": null, "descripcion": null, "fecha_evaluacion": "2025-07-05"}}, {"model": "smapp.calificacion", "pk": 57, "fields": {"inscripcion": 42, "nombre_evaluacion": "Prueba 1", "puntaje": "6.20", "porcentaje": "0.00", "detalle": null, "descripcion": null, "fecha_evaluacion": "2025-07-05"}}, {"model": "smapp.calificacion", "pk": 58, "fields": {"inscripcion": 43, "nombre_evaluacion": "Prueba 1", "puntaje": "6.00", "porcentaje": "0.00", "detalle": null, "descripcion": null, "fecha_evaluacion": "2025-07-05"}}, {"model": "smapp.calificacion", "pk": 59, "fields": {"inscripcion": 44, "nombre_evaluacion": "Prueba 3", "puntaje": "5.40", "porcentaje": "0.00", "detalle": null, "descripcion": null, "fecha_evaluacion": "2025-07-05"}}, {"model": "smapp.calificacion", "pk": 60, "fields": {"inscripcion": 45, "nombre_evaluacion": "Proyecto Final", "puntaje": "5.30", "porcentaje": "0.00", "detalle": null, "descripcion": null, "fecha_evaluacion": "2025-07-05"}}, {"model": "smapp.calificacion", "pk": 61, "fields": {"inscripcion": 46, "nombre_evaluacion": "Trabajo en Clase", "puntaje": "5.60", "porcentaje": "0.00", "detalle": null, "descripcion": null, "fecha_evaluacion": "2025-07-05"}}, {"model": "smapp.calificacion", "pk": 62, "fields": {"inscripcion": 52, "nombre_evaluacion": "Prueba 3", "puntaje": "6.40", "porcentaje": "0.00", "detalle": null, "descripcion": null, "fecha_evaluacion": "2025-07-05"}}, {"model": "smapp.calificacion", "pk": 63, "fields": {"inscripcion": 52, "nombre_evaluacion": "Trabajo en Clase", "puntaje": "6.20", "porcentaje": "0.00", "detalle": null, "descripcion": null, "fecha_evaluacion": "2025-07-05"}}, {"model": "smapp.calificacion", "pk": 64, "fields": {"inscripcion": 52, "nombre_evaluacion": "Prueba 1", "puntaje": "6.40", "porcentaje": "0.00", "detalle": null, "descripcion": null, "fecha_evaluacion": "2025-07-05"}}, {"model": "smapp.calificacion", "pk": 65, "fields": {"inscripcion": 53, "nombre_evaluacion": "Trabajo en Clase", "puntaje": "7.00", "porcentaje": "0.00", "detalle": null, "descripcion": null, "fecha_evaluacion": "2025-07-05"}}, {"model": "smapp.calificacion", "pk": 66, "fields": {"inscripcion": 53, "nombre_evaluacion": "Prueba 2", "puntaje": "7.00", "porcentaje": "0.00", "detalle": null, "descripcion": null, "fecha_evaluacion": "2025-07-05"}}, {"model": "smapp.calificacion", "pk": 67, "fields": {"inscripcion": 53, "nombre_evaluacion": "Prueba 1", "puntaje": "6.90", "porcentaje": "0.00", "detalle": null, "descripcion": null, "fecha_evaluacion": "2025-07-05"}}, {"model": "smapp.calificacion", "pk": 68, "fields": {"inscripcion": 54, "nombre_evaluacion": "Prueba 1", "puntaje": "7.00", "porcentaje": "0.00", "detalle": null, "descripcion": null, "fecha_evaluacion": "2025-07-05"}}, {"model": "smapp.calificacion", "pk": 69, "fields": {"inscripcion": 54, "nombre_evaluacion": "Trabajo en Clase", "puntaje": "6.70", "porcentaje": "0.00", "detalle": null, "descripcion": null, "fecha_evaluacion": "2025-07-05"}}, {"model": "smapp.calificacion", "pk": 70, "fields": {"inscripcion": 54, "nombre_evaluacion": "Prueba 3", "puntaje": "6.70", "porcentaje": "0.00", "detalle": null, "descripcion": null, "fecha_evaluacion": "2025-07-05"}}, {"model": "smapp.calificacion", "pk": 71, "fields": {"inscripcion": 54, "nombre_evaluacion": "Prueba 2", "puntaje": "6.80", "porcentaje": "0.00", "detalle": null, "descripcion": null, "fecha_evaluacion": "2025-07-05"}}, {"model": "smapp.calificacion", "pk": 72, "fields": {"inscripcion": 55, "nombre_evaluacion": "Proyecto Final", "puntaje": "6.90", "porcentaje": "0.00", "detalle": null, "descripcion": null, "fecha_evaluacion": "2025-07-05"}}, {"model": "smapp.calificacion", "pk": 73, "fields": {"inscripcion": 55, "nombre_evaluacion": "Trabajo en Clase", "puntaje": "6.70", "porcentaje": "0.00", "detalle": null, "descripcion": null, "fecha_evaluacion": "2025-07-05"}}, {"model": "smapp.calificacion", "pk": 74, "fields": {"inscripcion": 55, "nombre_evaluacion": "Prueba 2", "puntaje": "6.50", "porcentaje": "0.00", "detalle": null, "descripcion": null, "fecha_evaluacion": "2025-07-05"}}, {"model": "smapp.calificacion", "pk": 75, "fields": {"inscripcion": 55, "nombre_evaluacion": "Prueba 3", "puntaje": "6.60", "porcentaje": "0.00", "detalle": null, "descripcion": null, "fecha_evaluacion": "2025-07-05"}}, {"model": "smapp.calificacion", "pk": 76, "fields": {"inscripcion": 56, "nombre_evaluacion": "Trabajo en Clase", "puntaje": "6.70", "porcentaje": "0.00", "detalle": null, "descripcion": null, "fecha_evaluacion": "2025-07-05"}}, {"model": "smapp.calificacion", "pk": 77, "fields": {"inscripcion": 56, "nombre_evaluacion": "Prueba 3", "puntaje": "6.60", "porcentaje": "0.00", "detalle": null, "descripcion": null, "fecha_evaluacion": "2025-07-05"}}, {"model": "smapp.calificacion", "pk": 78, "fields": {"inscripcion": 56, "nombre_evaluacion": "Prueba 2", "puntaje": "6.90", "porcentaje": "0.00", "detalle": null, "descripcion": null, "fecha_evaluacion": "2025-07-05"}}, {"model": "smapp.calificacion", "pk": 79, "fields": {"inscripcion": 57, "nombre_evaluacion": "Prueba 3", "puntaje": "5.80", "porcentaje": "0.00", "detalle": null, "descripcion": null, "fecha_evaluacion": "2025-07-05"}}, {"model": "smapp.calificacion", "pk": 80, "fields": {"inscripcion": 57, "nombre_evaluacion": "Proyecto Final", "puntaje": "5.80", "porcentaje": "0.00", "detalle": null, "descripcion": null, "fecha_evaluacion": "2025-07-05"}}, {"model": "smapp.calificacion", "pk": 81, "fields": {"inscripcion": 57, "nombre_evaluacion": "Prueba 1", "puntaje": "5.90", "porcentaje": "0.00", "detalle": null, "descripcion": null, "fecha_evaluacion": "2025-07-05"}}, {"model": "smapp.calificacion", "pk": 82, "fields": {"inscripcion": 58, "nombre_evaluacion": "Prueba 2", "puntaje": "6.90", "porcentaje": "0.00", "detalle": null, "descripcion": null, "fecha_evaluacion": "2025-07-05"}}, {"model": "smapp.calificacion", "pk": 83, "fields": {"inscripcion": 58, "nombre_evaluacion": "Proyecto Final", "puntaje": "6.60", "porcentaje": "0.00", "detalle": null, "descripcion": null, "fecha_evaluacion": "2025-07-05"}}, {"model": "smapp.calificacion", "pk": 84, "fields": {"inscripcion": 58, "nombre_evaluacion": "Trabajo en Clase", "puntaje": "6.40", "porcentaje": "0.00", "detalle": null, "descripcion": null, "fecha_evaluacion": "2025-07-05"}}, {"model": "smapp.calificacion", "pk": 85, "fields": {"inscripcion": 58, "nombre_evaluacion": "Prueba 1", "puntaje": "6.80", "porcentaje": "0.00", "detalle": null, "descripcion": null, "fecha_evaluacion": "2025-07-05"}}, {"model": "smapp.calificacion", "pk": 86, "fields": {"inscripcion": 59, "nombre_evaluacion": "Prueba 1", "puntaje": "6.30", "porcentaje": "0.00", "detalle": null, "descripcion": null, "fecha_evaluacion": "2025-07-05"}}, {"model": "smapp.calificacion", "pk": 87, "fields": {"inscripcion": 59, "nombre_evaluacion": "Proyecto Final", "puntaje": "6.20", "porcentaje": "0.00", "detalle": null, "descripcion": null, "fecha_evaluacion": "2025-07-05"}}, {"model": "smapp.calificacion", "pk": 88, "fields": {"inscripcion": 59, "nombre_evaluacion": "Trabajo en Clase", "puntaje": "6.40", "porcentaje": "0.00", "detalle": null, "descripcion": null, "fecha_evaluacion": "2025-07-05"}}, {"model": "smapp.calificacion", "pk": 89, "fields": {"inscripcion": 60, "nombre_evaluacion": "Prueba 1", "puntaje": "6.00", "porcentaje": "0.00", "detalle": null, "descripcion": null, "fecha_evaluacion": "2025-07-05"}}, {"model": "smapp.calificacion", "pk": 90, "fields": {"inscripcion": 60, "nombre_evaluacion": "Trabajo en Clase", "puntaje": "5.90", "porcentaje": "0.00", "detalle": null, "descripcion": null, "fecha_evaluacion": "2025-07-05"}}, {"model": "smapp.calificacion", "pk": 91, "fields": {"inscripcion": 60, "nombre_evaluacion": "Prueba 3", "puntaje": "6.00", "porcentaje": "0.00", "detalle": null, "descripcion": null, "fecha_evaluacion": "2025-07-05"}}, {"model": "smapp.calificacion", "pk": 92, "fields": {"inscripcion": 60, "nombre_evaluacion": "Proyecto Final", "puntaje": "6.10", "porcentaje": "0.00", "detalle": null, "descripcion": null, "fecha_evaluacion": "2025-07-05"}}, {"model": "smapp.calificacion", "pk": 93, "fields": {"inscripcion": 61, "nombre_evaluacion": "Proyecto Final", "puntaje": "6.50", "porcentaje": "0.00", "detalle": null, "descripcion": null, "fecha_evaluacion": "2025-07-05"}}, {"model": "smapp.calificacion", "pk": 94, "fields": {"inscripcion": 61, "nombre_evaluacion": "Prueba 2", "puntaje": "6.60", "porcentaje": "0.00", "detalle": null, "descripcion": null, "fecha_evaluacion": "2025-07-05"}}, {"model": "smapp.calificacion", "pk": 95, "fields": {"inscripcion": 61, "nombre_evaluacion": "Prueba 1", "puntaje": "6.00", "porcentaje": "0.00", "detalle": null, "descripcion": null, "fecha_evaluacion": "2025-07-05"}}, {"model": "smapp.calificacion", "pk": 96, "fields": {"inscripcion": 62, "nombre_evaluacion": "Trabajo en Clase", "puntaje": "5.90", "porcentaje": "0.00", "detalle": null, "descripcion": null, "fecha_evaluacion": "2025-07-05"}}, {"model": "smapp.calificacion", "pk": 97, "fields": {"inscripcion": 62, "nombre_evaluacion": "Proyecto Final", "puntaje": "5.30", "porcentaje": "0.00", "detalle": null, "descripcion": null, "fecha_evaluacion": "2025-07-05"}}, {"model": "smapp.calificacion", "pk": 98, "fields": {"inscripcion": 62, "nombre_evaluacion": "Prueba 3", "puntaje": "5.30", "porcentaje": "0.00", "detalle": null, "descripcion": null, "fecha_evaluacion": "2025-07-05"}}, {"model": "smapp.calificacion", "pk": 99, "fields": {"inscripcion": 62, "nombre_evaluacion": "Prueba 1", "puntaje": "5.40", "porcentaje": "0.00", "detalle": null, "descripcion": null, "fecha_evaluacion": "2025-07-05"}}, {"model": "smapp.calificacion", "pk": 100, "fields": {"inscripcion": 63, "nombre_evaluacion": "Prueba 1", "puntaje": "6.40", "porcentaje": "0.00", "detalle": null, "descripcion": null, "fecha_evaluacion": "2025-07-05"}}, {"model": "smapp.calificacion", "pk": 101, "fields": {"inscripcion": 63, "nombre_evaluacion": "Prueba 3", "puntaje": "6.60", "porcentaje": "0.00", "detalle": null, "descripcion": null, "fecha_evaluacion": "2025-07-05"}}, {"model": "smapp.calificacion", "pk": 102, "fields": {"inscripcion": 63, "nombre_evaluacion": "Trabajo en Clase", "puntaje": "6.50", "porcentaje": "0.00", "detalle": null, "descripcion": null, "fecha_evaluacion": "2025-07-05"}}, {"model": "smapp.calificacion", "pk": 103, "fields": {"inscripcion": 64, "nombre_evaluacion": "Trabajo en Clase", "puntaje": "5.80", "porcentaje": "0.00", "detalle": null, "descripcion": null, "fecha_evaluacion": "2025-07-05"}}, {"model": "smapp.calificacion", "pk": 104, "fields": {"inscripcion": 64, "nombre_evaluacion": "Prueba 1", "puntaje": "6.00", "porcentaje": "0.00", "detalle": null, "descripcion": null, "fecha_evaluacion": "2025-07-05"}}, {"model": "smapp.calificacion", "pk": 105, "fields": {"inscripcion": 64, "nombre_evaluacion": "Proyecto Final", "puntaje": "6.10", "porcentaje": "0.00", "detalle": null, "descripcion": null, "fecha_evaluacion": "2025-07-05"}}, {"model": "smapp.calificacion", "pk": 106, "fields": {"inscripcion": 65, "nombre_evaluacion": "Proyecto Final", "puntaje": "5.80", "porcentaje": "0.00", "detalle": null, "descripcion": null, "fecha_evaluacion": "2025-07-05"}}, {"model": "smapp.calificacion", "pk": 107, "fields": {"inscripcion": 65, "nombre_evaluacion": "Prueba 2", "puntaje": "5.60", "porcentaje": "0.00", "detalle": null, "descripcion": null, "fecha_evaluacion": "2025-07-05"}}, {"model": "smapp.calificacion", "pk": 108, "fields": {"inscripcion": 65, "nombre_evaluacion": "Trabajo en Clase", "puntaje": "6.20", "porcentaje": "0.00", "detalle": null, "descripcion": null, "fecha_evaluacion": "2025-07-05"}}, {"model": "smapp.calificacion", "pk": 109, "fields": {"inscripcion": 66, "nombre_evaluacion": "Trabajo en Clase", "puntaje": "6.10", "porcentaje": "0.00", "detalle": null, "descripcion": null, "fecha_evaluacion": "2025-07-05"}}, {"model": "smapp.calificacion", "pk": 110, "fields": {"inscripcion": 66, "nombre_evaluacion": "Prueba 3", "puntaje": "5.80", "porcentaje": "0.00", "detalle": null, "descripcion": null, "fecha_evaluacion": "2025-07-05"}}, {"model": "smapp.calificacion", "pk": 111, "fields": {"inscripcion": 66, "nombre_evaluacion": "Proyecto Final", "puntaje": "5.70", "porcentaje": "0.00", "detalle": null, "descripcion": null, "fecha_evaluacion": "2025-07-05"}}, {"model": "smapp.calificacion", "pk": 112, "fields": {"inscripcion": 67, "nombre_evaluacion": "Prueba 1", "puntaje": "5.70", "porcentaje": "0.00", "detalle": null, "descripcion": null, "fecha_evaluacion": "2025-07-05"}}, {"model": "smapp.calificacion", "pk": 113, "fields": {"inscripcion": 67, "nombre_evaluacion": "Trabajo en Clase", "puntaje": "4.90", "porcentaje": "0.00", "detalle": null, "descripcion": null, "fecha_evaluacion": "2025-07-05"}}, {"model": "smapp.calificacion", "pk": 114, "fields": {"inscripcion": 67, "nombre_evaluacion": "Prueba 3", "puntaje": "4.70", "porcentaje": "0.00", "detalle": null, "descripcion": null, "fecha_evaluacion": "2025-07-05"}}, {"model": "smapp.calificacion", "pk": 115, "fields": {"inscripcion": 68, "nombre_evaluacion": "Prueba 1", "puntaje": "5.40", "porcentaje": "0.00", "detalle": null, "descripcion": null, "fecha_evaluacion": "2025-07-05"}}, {"model": "smapp.calificacion", "pk": 116, "fields": {"inscripcion": 68, "nombre_evaluacion": "Prueba 3", "puntaje": "5.80", "porcentaje": "0.00", "detalle": null, "descripcion": null, "fecha_evaluacion": "2025-07-05"}}, {"model": "smapp.calificacion", "pk": 117, "fields": {"inscripcion": 68, "nombre_evaluacion": "Proyecto Final", "puntaje": "6.00", "porcentaje": "0.00", "detalle": null, "descripcion": null, "fecha_evaluacion": "2025-07-05"}}, {"model": "smapp.calificacion", "pk": 118, "fields": {"inscripcion": 68, "nombre_evaluacion": "Trabajo en Clase", "puntaje": "5.60", "porcentaje": "0.00", "detalle": null, "descripcion": null, "fecha_evaluacion": "2025-07-05"}}, {"model": "smapp.calificacion", "pk": 119, "fields": {"inscripcion": 69, "nombre_evaluacion": "Prueba 2", "puntaje": "5.90", "porcentaje": "0.00", "detalle": null, "descripcion": null, "fecha_evaluacion": "2025-07-05"}}, {"model": "smapp.calificacion", "pk": 120, "fields": {"inscripcion": 69, "nombre_evaluacion": "Prueba 3", "puntaje": "5.10", "porcentaje": "0.00", "detalle": null, "descripcion": null, "fecha_evaluacion": "2025-07-05"}}, {"model": "smapp.calificacion", "pk": 121, "fields": {"inscripcion": 69, "nombre_evaluacion": "Proyecto Final", "puntaje": "5.90", "porcentaje": "0.00", "detalle": null, "descripcion": null, "fecha_evaluacion": "2025-07-05"}}, {"model": "smapp.calificacion", "pk": 122, "fields": {"inscripcion": 70, "nombre_evaluacion": "Proyecto Final", "puntaje": "5.10", "porcentaje": "0.00", "detalle": null, "descripcion": null, "fecha_evaluacion": "2025-07-05"}}, {"model": "smapp.calificacion", "pk": 123, "fields": {"inscripcion": 70, "nombre_evaluacion": "Prueba 1", "puntaje": "5.10", "porcentaje": "0.00", "detalle": null, "descripcion": null, "fecha_evaluacion": "2025-07-05"}}, {"model": "smapp.calificacion", "pk": 124, "fields": {"inscripcion": 70, "nombre_evaluacion": "Prueba 2", "puntaje": "4.80", "porcentaje": "0.00", "detalle": null, "descripcion": null, "fecha_evaluacion": "2025-07-05"}}, {"model": "smapp.calificacion", "pk": 125, "fields": {"inscripcion": 71, "nombre_evaluacion": "Proyecto Final", "puntaje": "5.90", "porcentaje": "0.00", "detalle": null, "descripcion": null, "fecha_evaluacion": "2025-07-05"}}, {"model": "smapp.calificacion", "pk": 126, "fields": {"inscripcion": 71, "nombre_evaluacion": "Trabajo en Clase", "puntaje": "5.90", "porcentaje": "0.00", "detalle": null, "descripcion": null, "fecha_evaluacion": "2025-07-05"}}, {"model": "smapp.calificacion", "pk": 127, "fields": {"inscripcion": 71, "nombre_evaluacion": "Prueba 3", "puntaje": "4.90", "porcentaje": "0.00", "detalle": null, "descripcion": null, "fecha_evaluacion": "2025-07-05"}}, {"model": "smapp.calificacion", "pk": 128, "fields": {"inscripcion": 72, "nombre_evaluacion": "Prueba 1", "puntaje": "5.10", "porcentaje": "0.00", "detalle": null, "descripcion": null, "fecha_evaluacion": "2025-07-05"}}, {"model": "smapp.calificacion", "pk": 129, "fields": {"inscripcion": 72, "nombre_evaluacion": "Prueba 3", "puntaje": "4.40", "porcentaje": "0.00", "detalle": null, "descripcion": null, "fecha_evaluacion": "2025-07-05"}}, {"model": "smapp.calificacion", "pk": 130, "fields": {"inscripcion": 72, "nombre_evaluacion": "Prueba 2", "puntaje": "4.30", "porcentaje": "0.00", "detalle": null, "descripcion": null, "fecha_evaluacion": "2025-07-05"}}, {"model": "smapp.calificacion", "pk": 131, "fields": {"inscripcion": 73, "nombre_evaluacion": "Trabajo en Clase", "puntaje": "4.60", "porcentaje": "0.00", "detalle": null, "descripcion": null, "fecha_evaluacion": "2025-07-05"}}, {"model": "smapp.calificacion", "pk": 132, "fields": {"inscripcion": 73, "nombre_evaluacion": "Prueba 1", "puntaje": "4.50", "porcentaje": "0.00", "detalle": null, "descripcion": null, "fecha_evaluacion": "2025-07-05"}}, {"model": "smapp.calificacion", "pk": 133, "fields": {"inscripcion": 73, "nombre_evaluacion": "Proyecto Final", "puntaje": "4.80", "porcentaje": "0.00", "detalle": null, "descripcion": null, "fecha_evaluacion": "2025-07-05"}}, {"model": "smapp.calificacion", "pk": 134, "fields": {"inscripcion": 73, "nombre_evaluacion": "Prueba 3", "puntaje": "5.70", "porcentaje": "0.00", "detalle": null, "descripcion": null, "fecha_evaluacion": "2025-07-05"}}, {"model": "smapp.calificacion", "pk": 135, "fields": {"inscripcion": 74, "nombre_evaluacion": "Proyecto Final", "puntaje": "5.10", "porcentaje": "0.00", "detalle": null, "descripcion": null, "fecha_evaluacion": "2025-07-05"}}, {"model": "smapp.calificacion", "pk": 136, "fields": {"inscripcion": 74, "nombre_evaluacion": "Prueba 1", "puntaje": "5.00", "porcentaje": "0.00", "detalle": null, "descripcion": null, "fecha_evaluacion": "2025-07-05"}}, {"model": "smapp.calificacion", "pk": 137, "fields": {"inscripcion": 74, "nombre_evaluacion": "Prueba 2", "puntaje": "4.40", "porcentaje": "0.00", "detalle": null, "descripcion": null, "fecha_evaluacion": "2025-07-05"}}, {"model": "smapp.calificacion", "pk": 138, "fields": {"inscripcion": 74, "nombre_evaluacion": "Trabajo en Clase", "puntaje": "4.40", "porcentaje": "0.00", "detalle": null, "descripcion": null, "fecha_evaluacion": "2025-07-05"}}, {"model": "smapp.calificacion", "pk": 139, "fields": {"inscripcion": 75, "nombre_evaluacion": "Prueba 3", "puntaje": "5.00", "porcentaje": "0.00", "detalle": null, "descripcion": null, "fecha_evaluacion": "2025-07-05"}}, {"model": "smapp.calificacion", "pk": 140, "fields": {"inscripcion": 75, "nombre_evaluacion": "Prueba 2", "puntaje": "4.60", "porcentaje": "0.00", "detalle": null, "descripcion": null, "fecha_evaluacion": "2025-07-05"}}, {"model": "smapp.calificacion", "pk": 141, "fields": {"inscripcion": 75, "nombre_evaluacion": "Proyecto Final", "puntaje": "4.20", "porcentaje": "0.00", "detalle": null, "descripcion": null, "fecha_evaluacion": "2025-07-05"}}, {"model": "smapp.calificacion", "pk": 142, "fields": {"inscripcion": 76, "nombre_evaluacion": "Proyecto Final", "puntaje": "5.10", "porcentaje": "0.00", "detalle": null, "descripcion": null, "fecha_evaluacion": "2025-07-05"}}, {"model": "smapp.calificacion", "pk": 143, "fields": {"inscripcion": 76, "nombre_evaluacion": "Trabajo en Clase", "puntaje": "4.70", "porcentaje": "0.00", "detalle": null, "descripcion": null, "fecha_evaluacion": "2025-07-05"}}, {"model": "smapp.calificacion", "pk": 144, "fields": {"inscripcion": 76, "nombre_evaluacion": "Prueba 2", "puntaje": "5.40", "porcentaje": "0.00", "detalle": null, "descripcion": null, "fecha_evaluacion": "2025-07-05"}}, {"model": "smapp.calificacion", "pk": 145, "fields": {"inscripcion": 77, "nombre_evaluacion": "Proyecto Final", "puntaje": "4.50", "porcentaje": "0.00", "detalle": null, "descripcion": null, "fecha_evaluacion": "2025-07-05"}}, {"model": "smapp.calificacion", "pk": 146, "fields": {"inscripcion": 77, "nombre_evaluacion": "Prueba 2", "puntaje": "3.50", "porcentaje": "0.00", "detalle": null, "descripcion": null, "fecha_evaluacion": "2025-07-05"}}, {"model": "smapp.calificacion", "pk": 147, "fields": {"inscripcion": 77, "nombre_evaluacion": "Prueba 1", "puntaje": "4.40", "porcentaje": "0.00", "detalle": null, "descripcion": null, "fecha_evaluacion": "2025-07-05"}}, {"model": "smapp.calificacion", "pk": 148, "fields": {"inscripcion": 77, "nombre_evaluacion": "Prueba 3", "puntaje": "3.40", "porcentaje": "0.00", "detalle": null, "descripcion": null, "fecha_evaluacion": "2025-07-05"}}, {"model": "smapp.calificacion", "pk": 149, "fields": {"inscripcion": 78, "nombre_evaluacion": "Prueba 2", "puntaje": "4.20", "porcentaje": "0.00", "detalle": null, "descripcion": null, "fecha_evaluacion": "2025-07-05"}}, {"model": "smapp.calificacion", "pk": 150, "fields": {"inscripcion": 78, "nombre_evaluacion": "Prueba 1", "puntaje": "5.40", "porcentaje": "0.00", "detalle": null, "descripcion": null, "fecha_evaluacion": "2025-07-05"}}, {"model": "smapp.calificacion", "pk": 151, "fields": {"inscripcion": 78, "nombre_evaluacion": "Trabajo en Clase", "puntaje": "5.40", "porcentaje": "0.00", "detalle": null, "descripcion": null, "fecha_evaluacion": "2025-07-05"}}, {"model": "smapp.calificacion", "pk": 152, "fields": {"inscripcion": 78, "nombre_evaluacion": "Prueba 3", "puntaje": "4.40", "porcentaje": "0.00", "detalle": null, "descripcion": null, "fecha_evaluacion": "2025-07-05"}}, {"model": "smapp.calificacion", "pk": 153, "fields": {"inscripcion": 79, "nombre_evaluacion": "Trabajo en Clase", "puntaje": "4.10", "porcentaje": "0.00", "detalle": null, "descripcion": null, "fecha_evaluacion": "2025-07-05"}}, {"model": "smapp.calificacion", "pk": 154, "fields": {"inscripcion": 79, "nombre_evaluacion": "Prueba 3", "puntaje": "5.30", "porcentaje": "0.00", "detalle": null, "descripcion": null, "fecha_evaluacion": "2025-07-05"}}, {"model": "smapp.calificacion", "pk": 155, "fields": {"inscripcion": 79, "nombre_evaluacion": "Prueba 1", "puntaje": "4.20", "porcentaje": "0.00", "detalle": null, "descripcion": null, "fecha_evaluacion": "2025-07-05"}}, {"model": "smapp.calificacion", "pk": 156, "fields": {"inscripcion": 80, "nombre_evaluacion": "Prueba 2", "puntaje": "4.80", "porcentaje": "0.00", "detalle": null, "descripcion": null, "fecha_evaluacion": "2025-07-05"}}, {"model": "smapp.calificacion", "pk": 157, "fields": {"inscripcion": 80, "nombre_evaluacion": "Trabajo en Clase", "puntaje": "5.10", "porcentaje": "0.00", "detalle": null, "descripcion": null, "fecha_evaluacion": "2025-07-05"}}, {"model": "smapp.calificacion", "pk": 158, "fields": {"inscripcion": 80, "nombre_evaluacion": "Proyecto Final", "puntaje": "3.50", "porcentaje": "0.00", "detalle": null, "descripcion": null, "fecha_evaluacion": "2025-07-05"}}, {"model": "smapp.calificacion", "pk": 159, "fields": {"inscripcion": 80, "nombre_evaluacion": "Prueba 1", "puntaje": "3.90", "porcentaje": "0.00", "detalle": null, "descripcion": null, "fecha_evaluacion": "2025-07-05"}}, {"model": "smapp.calificacion", "pk": 160, "fields": {"inscripcion": 81, "nombre_evaluacion": "Prueba 3", "puntaje": "4.50", "porcentaje": "0.00", "detalle": null, "descripcion": null, "fecha_evaluacion": "2025-07-05"}}, {"model": "smapp.calificacion", "pk": 161, "fields": {"inscripcion": 81, "nombre_evaluacion": "Prueba 1", "puntaje": "4.50", "porcentaje": "0.00", "detalle": null, "descripcion": null, "fecha_evaluacion": "2025-07-05"}}, {"model": "smapp.calificacion", "pk": 162, "fields": {"inscripcion": 81, "nombre_evaluacion": "Trabajo en Clase", "puntaje": "3.90", "porcentaje": "0.00", "detalle": null, "descripcion": null, "fecha_evaluacion": "2025-07-05"}}, {"model": "smapp.calificacion", "pk": 163, "fields": {"inscripcion": 81, "nombre_evaluacion": "Prueba 2", "puntaje": "4.70", "porcentaje": "0.00", "detalle": null, "descripcion": null, "fecha_evaluacion": "2025-07-05"}}, {"model": "smapp.calificacion", "pk": 164, "fields": {"inscripcion": 82, "nombre_evaluacion": "Prueba 2", "puntaje": "4.60", "porcentaje": "0.00", "detalle": null, "descripcion": null, "fecha_evaluacion": "2025-07-05"}}, {"model": "smapp.calificacion", "pk": 165, "fields": {"inscripcion": 82, "nombre_evaluacion": "Prueba 1", "puntaje": "3.90", "porcentaje": "0.00", "detalle": null, "descripcion": null, "fecha_evaluacion": "2025-07-05"}}, {"model": "smapp.calificacion", "pk": 166, "fields": {"inscripcion": 82, "nombre_evaluacion": "Trabajo en Clase", "puntaje": "3.70", "porcentaje": "0.00", "detalle": null, "descripcion": null, "fecha_evaluacion": "2025-07-05"}}, {"model": "smapp.calificacion", "pk": 167, "fields": {"inscripcion": 83, "nombre_evaluacion": "Proyecto Final", "puntaje": "3.90", "porcentaje": "0.00", "detalle": null, "descripcion": null, "fecha_evaluacion": "2025-07-05"}}, {"model": "smapp.calificacion", "pk": 168, "fields": {"inscripcion": 83, "nombre_evaluacion": "Prueba 3", "puntaje": "3.40", "porcentaje": "0.00", "detalle": null, "descripcion": null, "fecha_evaluacion": "2025-07-05"}}, {"model": "smapp.calificacion", "pk": 169, "fields": {"inscripcion": 83, "nombre_evaluacion": "Trabajo en Clase", "puntaje": "4.20", "porcentaje": "0.00", "detalle": null, "descripcion": null, "fecha_evaluacion": "2025-07-05"}}, {"model": "smapp.calificacion", "pk": 170, "fields": {"inscripcion": 83, "nombre_evaluacion": "Prueba 1", "puntaje": "4.80", "porcentaje": "0.00", "detalle": null, "descripcion": null, "fecha_evaluacion": "2025-07-05"}}, {"model": "smapp.calificacion", "pk": 171, "fields": {"inscripcion": 84, "nombre_evaluacion": "Proyecto Final", "puntaje": "3.50", "porcentaje": "0.00", "detalle": null, "descripcion": null, "fecha_evaluacion": "2025-07-05"}}, {"model": "smapp.calificacion", "pk": 172, "fields": {"inscripcion": 84, "nombre_evaluacion": "Trabajo en Clase", "puntaje": "4.60", "porcentaje": "0.00", "detalle": null, "descripcion": null, "fecha_evaluacion": "2025-07-05"}}, {"model": "smapp.calificacion", "pk": 173, "fields": {"inscripcion": 84, "nombre_evaluacion": "Prueba 2", "puntaje": "3.90", "porcentaje": "0.00", "detalle": null, "descripcion": null, "fecha_evaluacion": "2025-07-05"}}, {"model": "smapp.calificacion", "pk": 174, "fields": {"inscripcion": 85, "nombre_evaluacion": "Trabajo en Clase", "puntaje": "4.10", "porcentaje": "0.00", "detalle": null, "descripcion": null, "fecha_evaluacion": "2025-07-05"}}, {"model": "smapp.calificacion", "pk": 175, "fields": {"inscripcion": 85, "nombre_evaluacion": "Prueba 1", "puntaje": "4.70", "porcentaje": "0.00", "detalle": null, "descripcion": null, "fecha_evaluacion": "2025-07-05"}}, {"model": "smapp.calificacion", "pk": 176, "fields": {"inscripcion": 85, "nombre_evaluacion": "Proyecto Final", "puntaje": "4.60", "porcentaje": "0.00", "detalle": null, "descripcion": null, "fecha_evaluacion": "2025-07-05"}}, {"model": "smapp.calificacion", "pk": 177, "fields": {"inscripcion": 85, "nombre_evaluacion": "Prueba 2", "puntaje": "4.30", "porcentaje": "0.00", "detalle": null, "descripcion": null, "fecha_evaluacion": "2025-07-05"}}, {"model": "smapp.calificacion", "pk": 178, "fields": {"inscripcion": 86, "nombre_evaluacion": "Proyecto Final", "puntaje": "3.10", "porcentaje": "0.00", "detalle": null, "descripcion": null, "fecha_evaluacion": "2025-07-05"}}, {"model": "smapp.calificacion", "pk": 179, "fields": {"inscripcion": 86, "nombre_evaluacion": "Prueba 1", "puntaje": "3.10", "porcentaje": "0.00", "detalle": null, "descripcion": null, "fecha_evaluacion": "2025-07-05"}}, {"model": "smapp.calificacion", "pk": 180, "fields": {"inscripcion": 86, "nombre_evaluacion": "Trabajo en Clase", "puntaje": "4.80", "porcentaje": "0.00", "detalle": null, "descripcion": null, "fecha_evaluacion": "2025-07-05"}}, {"model": "smapp.calificacion", "pk": 181, "fields": {"inscripcion": 86, "nombre_evaluacion": "Prueba 2", "puntaje": "3.60", "porcentaje": "0.00", "detalle": null, "descripcion": null, "fecha_evaluacion": "2025-07-05"}}, {"model": "smapp.calificacion", "pk": 182, "fields": {"inscripcion": 87, "nombre_evaluacion": "Prueba 1", "puntaje": "3.00", "porcentaje": "0.00", "detalle": null, "descripcion": null, "fecha_evaluacion": "2025-07-05"}}, {"model": "smapp.calificacion", "pk": 183, "fields": {"inscripcion": 87, "nombre_evaluacion": "Prueba 3", "puntaje": "3.70", "porcentaje": "0.00", "detalle": null, "descripcion": null, "fecha_evaluacion": "2025-07-05"}}, {"model": "smapp.calificacion", "pk": 184, "fields": {"inscripcion": 87, "nombre_evaluacion": "Trabajo en Clase", "puntaje": "3.50", "porcentaje": "0.00", "detalle": null, "descripcion": null, "fecha_evaluacion": "2025-07-05"}}, {"model": "smapp.calificacion", "pk": 185, "fields": {"inscripcion": 88, "nombre_evaluacion": "Prueba 1", "puntaje": "4.50", "porcentaje": "0.00", "detalle": null, "descripcion": null, "fecha_evaluacion": "2025-07-05"}}, {"model": "smapp.calificacion", "pk": 186, "fields": {"inscripcion": 88, "nombre_evaluacion": "Prueba 3", "puntaje": "2.90", "porcentaje": "0.00", "detalle": null, "descripcion": null, "fecha_evaluacion": "2025-07-05"}}, {"model": "smapp.calificacion", "pk": 187, "fields": {"inscripcion": 88, "nombre_evaluacion": "Proyecto Final", "puntaje": "4.20", "porcentaje": "0.00", "detalle": null, "descripcion": null, "fecha_evaluacion": "2025-07-05"}}, {"model": "smapp.calificacion", "pk": 188, "fields": {"inscripcion": 88, "nombre_evaluacion": "Prueba 2", "puntaje": "3.90", "porcentaje": "0.00", "detalle": null, "descripcion": null, "fecha_evaluacion": "2025-07-05"}}, {"model": "smapp.calificacion", "pk": 189, "fields": {"inscripcion": 89, "nombre_evaluacion": "Trabajo en Clase", "puntaje": "2.80", "porcentaje": "0.00", "detalle": null, "descripcion": null, "fecha_evaluacion": "2025-07-05"}}, {"model": "smapp.calificacion", "pk": 190, "fields": {"inscripcion": 89, "nombre_evaluacion": "Prueba 1", "puntaje": "4.40", "porcentaje": "0.00", "detalle": null, "descripcion": null, "fecha_evaluacion": "2025-07-05"}}, {"model": "smapp.calificacion", "pk": 191, "fields": {"inscripcion": 89, "nombre_evaluacion": "Prueba 3", "puntaje": "3.00", "porcentaje": "0.00", "detalle": null, "descripcion": null, "fecha_evaluacion": "2025-07-05"}}, {"model": "smapp.calificacion", "pk": 192, "fields": {"inscripcion": 89, "nombre_evaluacion": "Prueba 2", "puntaje": "4.40", "porcentaje": "0.00", "detalle": null, "descripcion": null, "fecha_evaluacion": "2025-07-05"}}, {"model": "smapp.calificacion", "pk": 193, "fields": {"inscripcion": 90, "nombre_evaluacion": "Trabajo en Clase", "puntaje": "2.60", "porcentaje": "0.00", "detalle": null, "descripcion": null, "fecha_evaluacion": "2025-07-05"}}, {"model": "smapp.calificacion", "pk": 194, "fields": {"inscripcion": 90, "nombre_evaluacion": "Prueba 2", "puntaje": "3.30", "porcentaje": "0.00", "detalle": null, "descripcion": null, "fecha_evaluacion": "2025-07-05"}}, {"model": "smapp.calificacion", "pk": 195, "fields": {"inscripcion": 90, "nombre_evaluacion": "Prueba 1", "puntaje": "2.50", "porcentaje": "0.00", "detalle": null, "descripcion": null, "fecha_evaluacion": "2025-07-05"}}, {"model": "smapp.calificacion", "pk": 196, "fields": {"inscripcion": 91, "nombre_evaluacion": "Prueba 3", "puntaje": "3.20", "porcentaje": "0.00", "detalle": null, "descripcion": null, "fecha_evaluacion": "2025-07-05"}}, {"model": "smapp.calificacion", "pk": 197, "fields": {"inscripcion": 91, "nombre_evaluacion": "Prueba 2", "puntaje": "2.40", "porcentaje": "0.00", "detalle": null, "descripcion": null, "fecha_evaluacion": "2025-07-05"}}, {"model": "smapp.calificacion", "pk": 198, "fields": {"inscripcion": 91, "nombre_evaluacion": "Prueba 1", "puntaje": "3.40", "porcentaje": "0.00", "detalle": null, "descripcion": null, "fecha_evaluacion": "2025-07-05"}}, {"model": "smapp.eventocalendario", "pk": 1, "fields": {"titulo": "Prueba2222", "descripcion": "asdasd", "fecha": "2025-07-05", "hora_inicio": "12:12:00", "hora_fin": "13:13:00", "prioridad": "media", "tipo_evento": "actividad", "para_todos_los_cursos": true, "solo_profesores": false, "creado_por": ["daniel"], "creado_en": "2025-06-30T15:50:00.257Z", "cursos": []}}, {"model": "smapp.eventocalendario", "pk": 2, "fields": {"titulo": "Evento de Prueba - Calendario", "descripcion": "Este es un evento creado para probar el calendario", "fecha": "2025-07-01", "hora_inicio": "10:00:00", "hora_fin": "11:00:00", "prioridad": "media", "tipo_evento": "general", "para_todos_los_cursos": true, "solo_profesores": false, "creado_por": ["daniel"], "creado_en": "2025-06-30T18:18:14.923Z", "cursos": []}}, {"model": "smapp.eventocalendario", "pk": 4, "fields": {"titulo": "asdasdasda", "descripcion": "", "fecha": "2025-07-03", "hora_inicio": "12:12:00", "hora_fin": "13:13:00", "prioridad": "media", "tipo_evento": "evaluacion", "para_todos_los_cursos": false, "solo_profesores": false, "creado_por": ["daniel"], "creado_en": "2025-06-30T18:27:24.701Z", "cursos": [1]}}, {"model": "smapp.eventocalendario", "pk": 5, "fields": {"titulo": "asd", "descripcion": "", "fecha": "2025-07-03", "hora_inicio": "12:12:00", "hora_fin": "13:13:00", "prioridad": "media", "tipo_evento": "general", "para_todos_los_cursos": false, "solo_profesores": false, "creado_por": ["daniel"], "creado_en": "2025-06-30T20:12:27.143Z", "cursos": [3]}}, {"model": "smapp.eventocalendario", "pk": 6, "fields": {"titulo": "Evaluación de Matemáticas", "descripcion": "Prueba de álgebra básica y geometría. Traer calculadora.", "fecha": "2025-07-05", "hora_inicio": "08:30:00", "hora_fin": "10:00:00", "prioridad": "alta", "tipo_evento": "evaluacion", "para_todos_los_cursos": false, "solo_profesores": false, "creado_por": ["prof_matematicas"], "creado_en": "2025-07-02T17:42:30.220Z", "cursos": [1]}}, {"model": "smapp.eventocalendario", "pk": 7, "fields": {"titulo": "Reunión de Apoderados", "descripcion": "Reunión mensual para revisar el rendimiento académico.", "fecha": "2025-07-09", "hora_inicio": "19:00:00", "hora_fin": "20:30:00", "prioridad": "media", "tipo_evento": "reunion", "para_todos_los_cursos": false, "solo_profesores": false, "creado_por": ["prof_matematicas"], "creado_en": "2025-07-02T17:42:30.240Z", "cursos": [1]}}, {"model": "smapp.eventocalendario", "pk": 8, "fields": {"titulo": "Día del Estudiante", "descripcion": "Celebración del día del estudiante con actividades recreativas.", "fecha": "2025-07-12", "hora_inicio": "09:00:00", "hora_fin": "15:00:00", "prioridad": "baja", "tipo_evento": "actividad", "para_todos_los_cursos": false, "solo_profesores": false, "creado_por": ["prof_matematicas"], "creado_en": "2025-07-02T17:42:30.253Z", "cursos": [1]}}, {"model": "smapp.eventocalendario", "pk": 9, "fields": {"titulo": "Entrega de Notas", "descripcion": "Entrega de calificaciones del primer semestre.", "fecha": "2025-07-16", "hora_inicio": "10:00:00", "hora_fin": "12:00:00", "prioridad": "alta", "tipo_evento": "administrativo", "para_todos_los_cursos": false, "solo_profesores": false, "creado_por": ["prof_matematicas"], "creado_en": "2025-07-02T17:42:30.265Z", "cursos": [1]}}, {"model": "smapp.eventocalendario", "pk": 10, "fields": {"titulo": "Feria de Ciencias", "descripcion": "Muestra de proyectos científicos de todos los cursos.", "fecha": "2025-07-23", "hora_inicio": "14:00:00", "hora_fin": "17:00:00", "prioridad": "media", "tipo_evento": "actividad", "para_todos_los_cursos": false, "solo_profesores": false, "creado_por": ["prof_matematicas"], "creado_en": "2025-07-02T17:42:30.275Z", "cursos": [1]}}, {"model": "smapp.eventocalendario", "pk": 11, "fields": {"titulo": "Simulacro de Evacuación", "descripcion": "Práctica de evacuación en caso de emergencia.", "fecha": "2025-07-07", "hora_inicio": "11:00:00", "hora_fin": "11:30:00", "prioridad": "alta", "tipo_evento": "administrativo", "para_todos_los_cursos": false, "solo_profesores": false, "creado_por": ["prof_matematicas"], "creado_en": "2025-07-02T17:42:30.285Z", "cursos": [1]}}, {"model": "smapp.horariocurso", "pk": 7, "fields": {"curso": 2, "asignatura": 1, "dia": "LU", "hora_inicio": "08:00:00", "hora_fin": "09:00:00"}}, {"model": "smapp.horariocurso", "pk": 8, "fields": {"curso": 2, "asignatura": 2, "dia": "LU", "hora_inicio": "09:00:00", "hora_fin": "10:00:00"}}, {"model": "smapp.horariocurso", "pk": 9, "fields": {"curso": 2, "asignatura": 3, "dia": "MA", "hora_inicio": "08:00:00", "hora_fin": "09:00:00"}}, {"model": "smapp.horariocurso", "pk": 10, "fields": {"curso": 2, "asignatura": 1, "dia": "MA", "hora_inicio": "10:00:00", "hora_fin": "11:00:00"}}, {"model": "smapp.horariocurso", "pk": 11, "fields": {"curso": 2, "asignatura": 2, "dia": "MI", "hora_inicio": "08:00:00", "hora_fin": "09:00:00"}}, {"model": "smapp.horariocurso", "pk": 12, "fields": {"curso": 2, "asignatura": 2, "dia": "JU", "hora_inicio": "09:00:00", "hora_fin": "11:00:00"}}, {"model": "smapp.horariocurso", "pk": 19, "fields": {"curso": 3, "asignatura": 3, "dia": "MA", "hora_inicio": "12:12:00", "hora_fin": "13:13:00"}}, {"model": "smapp.horariocurso", "pk": 20, "fields": {"curso": 3, "asignatura": 1, "dia": "MI", "hora_inicio": "12:12:00", "hora_fin": "13:13:00"}}, {"model": "smapp.horariocurso", "pk": 21, "fields": {"curso": 3, "asignatura": 2, "dia": "JU", "hora_inicio": "13:13:00", "hora_fin": "14:14:00"}}, {"model": "smapp.horariocurso", "pk": 72, "fields": {"curso": 1, "asignatura": 1, "dia": "LU", "hora_inicio": "08:00:00", "hora_fin": "08:45:00"}}, {"model": "smapp.horariocurso", "pk": 73, "fields": {"curso": 1, "asignatura": 3, "dia": "LU", "hora_inicio": "08:45:00", "hora_fin": "09:30:00"}}, {"model": "smapp.horariocurso", "pk": 74, "fields": {"curso": 1, "asignatura": 3, "dia": "LU", "hora_inicio": "09:45:00", "hora_fin": "10:30:00"}}, {"model": "smapp.horariocurso", "pk": 75, "fields": {"curso": 1, "asignatura": 1, "dia": "LU", "hora_inicio": "10:30:00", "hora_fin": "11:15:00"}}, {"model": "smapp.horariocurso", "pk": 76, "fields": {"curso": 1, "asignatura": 1, "dia": "LU", "hora_inicio": "11:30:00", "hora_fin": "12:15:00"}}, {"model": "smapp.horariocurso", "pk": 77, "fields": {"curso": 1, "asignatura": 1, "dia": "LU", "hora_inicio": "12:15:00", "hora_fin": "13:00:00"}}, {"model": "smapp.horariocurso", "pk": 78, "fields": {"curso": 1, "asignatura": 1, "dia": "MA", "hora_inicio": "08:00:00", "hora_fin": "08:45:00"}}, {"model": "smapp.horariocurso", "pk": 79, "fields": {"curso": 1, "asignatura": 1, "dia": "MA", "hora_inicio": "08:45:00", "hora_fin": "09:30:00"}}, {"model": "smapp.horariocurso", "pk": 80, "fields": {"curso": 1, "asignatura": 1, "dia": "MA", "hora_inicio": "09:45:00", "hora_fin": "10:30:00"}}, {"model": "smapp.horariocurso", "pk": 81, "fields": {"curso": 1, "asignatura": 1, "dia": "MA", "hora_inicio": "10:30:00", "hora_fin": "11:15:00"}}, {"model": "smapp.horariocurso", "pk": 82, "fields": {"curso": 1, "asignatura": 3, "dia": "MI", "hora_inicio": "08:00:00", "hora_fin": "08:45:00"}}, {"model": "smapp.horariocurso", "pk": 83, "fields": {"curso": 1, "asignatura": 3, "dia": "MI", "hora_inicio": "08:45:00", "hora_fin": "09:30:00"}}, {"model": "smapp.horariocurso", "pk": 84, "fields": {"curso": 1, "asignatura": 3, "dia": "MI", "hora_inicio": "09:45:00", "hora_fin": "10:30:00"}}, {"model": "smapp.horariocurso", "pk": 85, "fields": {"curso": 1, "asignatura": 3, "dia": "MI", "hora_inicio": "10:30:00", "hora_fin": "11:15:00"}}, {"model": "smapp.horariocurso", "pk": 86, "fields": {"curso": 1, "asignatura": 1, "dia": "MI", "hora_inicio": "11:30:00", "hora_fin": "12:15:00"}}, {"model": "smapp.horariocurso", "pk": 87, "fields": {"curso": 1, "asignatura": 3, "dia": "MI", "hora_inicio": "12:15:00", "hora_fin": "13:00:00"}}, {"model": "smapp.horariocurso", "pk": 88, "fields": {"curso": 1, "asignatura": 3, "dia": "JU", "hora_inicio": "08:00:00", "hora_fin": "08:45:00"}}, {"model": "smapp.horariocurso", "pk": 89, "fields": {"curso": 1, "asignatura": 1, "dia": "JU", "hora_inicio": "08:45:00", "hora_fin": "09:30:00"}}, {"model": "smapp.horariocurso", "pk": 90, "fields": {"curso": 1, "asignatura": 3, "dia": "JU", "hora_inicio": "09:45:00", "hora_fin": "10:30:00"}}, {"model": "smapp.horariocurso", "pk": 91, "fields": {"curso": 1, "asignatura": 1, "dia": "JU", "hora_inicio": "10:30:00", "hora_fin": "11:15:00"}}, {"model": "smapp.horariocurso", "pk": 92, "fields": {"curso": 1, "asignatura": 3, "dia": "JU", "hora_inicio": "11:30:00", "hora_fin": "12:15:00"}}, {"model": "smapp.horariocurso", "pk": 93, "fields": {"curso": 1, "asignatura": 1, "dia": "JU", "hora_inicio": "12:15:00", "hora_fin": "13:00:00"}}, {"model": "smapp.horariocurso", "pk": 94, "fields": {"curso": 1, "asignatura": 1, "dia": "VI", "hora_inicio": "08:00:00", "hora_fin": "08:45:00"}}, {"model": "smapp.horariocurso", "pk": 95, "fields": {"curso": 1, "asignatura": 3, "dia": "VI", "hora_inicio": "08:45:00", "hora_fin": "09:30:00"}}, {"model": "smapp.horariocurso", "pk": 96, "fields": {"curso": 1, "asignatura": 1, "dia": "VI", "hora_inicio": "09:45:00", "hora_fin": "10:30:00"}}, {"model": "smapp.horariocurso", "pk": 97, "fields": {"curso": 1, "asignatura": 3, "dia": "VI", "hora_inicio": "10:30:00", "hora_fin": "11:15:00"}}, {"model": "smapp.horariocurso", "pk": 98, "fields": {"curso": 1, "asignatura": 3, "dia": "VI", "hora_inicio": "11:30:00", "hora_fin": "12:15:00"}}, {"model": "smapp.horariocurso", "pk": 99, "fields": {"curso": 1, "asignatura": 3, "dia": "VI", "hora_inicio": "12:15:00", "hora_fin": "13:00:00"}}, {"model": "smapp.horariocurso", "pk": 100, "fields": {"curso": 3, "asignatura": 9, "dia": "LU", "hora_inicio": "08:00:00", "hora_fin": "09:30:00"}}, {"model": "smapp.horariocurso", "pk": 101, "fields": {"curso": 3, "asignatura": 9, "dia": "MI", "hora_inicio": "10:00:00", "hora_fin": "11:30:00"}}, {"model": "smapp.horariocurso", "pk": 102, "fields": {"curso": 3, "asignatura": 9, "dia": "VI", "hora_inicio": "08:00:00", "hora_fin": "09:30:00"}}, {"model": "smapp.horariocurso", "pk": 103, "fields": {"curso": 3, "asignatura": 11, "dia": "MA", "hora_inicio": "09:30:00", "hora_fin": "11:00:00"}}, {"model": "smapp.horariocurso", "pk": 104, "fields": {"curso": 3, "asignatura": 11, "dia": "JU", "hora_inicio": "08:00:00", "hora_fin": "09:30:00"}}, {"model": "smapp.horariocurso", "pk": 105, "fields": {"curso": 3, "asignatura": 11, "dia": "VI", "hora_inicio": "10:00:00", "hora_fin": "11:30:00"}}, {"model": "smapp.horariocurso", "pk": 106, "fields": {"curso": 7, "asignatura": 1, "dia": "LU", "hora_inicio": "12:12:00", "hora_fin": "13:13:00"}}, {"model": "smapp.perfil", "pk": 1, "fields": {"user": ["daniel"], "tipo_usuario": "director"}}, {"model": "smapp.perfil", "pk": 2, "fields": {"user": ["prof_matematicas"], "tipo_usuario": "profesor"}}, {"model": "smapp.perfil", "pk": 3, "fields": {"user": ["est_pedro"], "tipo_usuario": "alumno"}}, {"model": "smapp.perfil", "pk": 4, "fields": {"user": ["admin"], "tipo_usuario": "administrador"}}, {"model": "smapp.perfil", "pk": 5, "fields": {"user": ["asd"], "tipo_usuario": "alumno"}}, {"model": "smapp.perfil", "pk": 6, "fields": {"user": ["asds"], "tipo_usuario": "profesor"}}, {"model": "smapp.perfil", "pk": 7, "fields": {"user": ["est_ana"], "tipo_usuario": "alumno"}}, {"model": "smapp.perfil", "pk": 8, "fields": {"user": ["est_carlos"], "tipo_usuario": "alumno"}}, {"model": "smapp.perfil", "pk": 9, "fields": {"user": ["est_sofia"], "tipo_usuario": "alumno"}}, {"model": "smapp.perfil", "pk": 10, "fields": {"user": ["est_diego"], "tipo_usuario": "alumno"}}, {"model": "smapp.perfil", "pk": 11, "fields": {"user": ["est_lucia"], "tipo_usuario": "alumno"}}, {"model": "smapp.perfil", "pk": 12, "fields": {"user": ["juan_perez_alumno"], "tipo_usuario": "alumno"}}, {"model": "smapp.perfil", "pk": 15, "fields": {"user": ["asdasd"], "tipo_usuario": "alumno"}}, {"model": "smapp.perfil", "pk": 16, "fields": {"user": ["qwe"], "tipo_usuario": "profesor"}}, {"model": "smapp.perfil", "pk": 17, "fields": {"user": ["admin123"], "tipo_usuario": "director"}}, {"model": "smapp.perfil", "pk": 22, "fields": {"user": ["admin_test"], "tipo_usuario": "administrador"}}, {"model": "smapp.perfil", "pk": 27, "fields": {"user": ["test_admin_debug"], "tipo_usuario": "administrador"}}, {"model": "smapp.perfil", "pk": 28, "fields": {"user": ["apoderado_55555555-5"], "tipo_usuario": "apoderado"}}, {"model": "smapp.perfil", "pk": 29, "fields": {"user": ["zxc"], "tipo_usuario": "apoderado"}}, {"model": "smapp.perfil", "pk": 30, "fields": {"user": ["apoderado_test"], "tipo_usuario": "profesor"}}, {"model": "smapp.asistenciaalumno", "pk": 1, "fields": {"estudiante": 1, "curso": 1, "asignatura": 1, "fecha": "2025-06-30", "presente": true, "observacion": "", "justificacion": "", "hora_registro": "15:52:02", "profesor_registro": null, "fecha_creacion": "2025-06-30T15:52:05.572Z", "fecha_modificacion": "2025-06-30T18:09:40.119Z"}}, {"model": "smapp.asistenciaalumno", "pk": 2, "fields": {"estudiante": 2, "curso": 3, "asignatura": 1, "fecha": "2025-07-02", "presente": true, "observacion": "", "justificacion": "", "hora_registro": "14:59:13", "profesor_registro": null, "fecha_creacion": "2025-07-02T14:59:15.773Z", "fecha_modificacion": "2025-07-02T14:59:15.773Z"}}, {"model": "smapp.asistenciaalumno", "pk": 3, "fields": {"estudiante": 2, "curso": 3, "asignatura": 1, "fecha": "2025-07-03", "presente": false, "observacion": "", "justificacion": "", "hora_registro": "00:55:29", "profesor_registro": null, "fecha_creacion": "2025-07-03T00:55:34.107Z", "fecha_modificacion": "2025-07-03T04:50:32.562Z"}}, {"model": "smapp.asistenciaalumno", "pk": 4, "fields": {"estudiante": 13, "curso": 3, "asignatura": 1, "fecha": "2025-07-03", "presente": false, "observacion": "", "justificacion": "", "hora_registro": "00:55:29", "profesor_registro": null, "fecha_creacion": "2025-07-03T00:55:34.119Z", "fecha_modificacion": "2025-07-03T04:50:32.574Z"}}, {"model": "smapp.asistenciaalumno", "pk": 5, "fields": {"estudiante": 2, "curso": 7, "asignatura": 11, "fecha": "2025-07-03", "presente": true, "observacion": "Registro automático para 2025-07-03", "justificacion": "", "hora_registro": "23:05:31.982", "profesor_registro": 9, "fecha_creacion": "2025-07-03T23:05:31.984Z", "fecha_modificacion": "2025-07-03T23:05:31.984Z"}}, {"model": "smapp.asistenciaalumno", "pk": 6, "fields": {"estudiante": 2, "curso": 7, "asignatura": 11, "fecha": "2025-07-02", "presente": true, "observacion": "Registro automático para 2025-07-02", "justificacion": "", "hora_registro": "23:05:31.992", "profesor_registro": 9, "fecha_creacion": "2025-07-03T23:05:31.994Z", "fecha_modificacion": "2025-07-03T23:05:31.994Z"}}, {"model": "smapp.asistenciaalumno", "pk": 7, "fields": {"estudiante": 2, "curso": 7, "asignatura": 11, "fecha": "2025-07-01", "presente": true, "observacion": "Registro automático para 2025-07-01", "justificacion": "", "hora_registro": "23:05:31.999", "profesor_registro": 9, "fecha_creacion": "2025-07-03T23:05:32.000Z", "fecha_modificacion": "2025-07-03T23:05:32.000Z"}}, {"model": "smapp.asistenciaalumno", "pk": 8, "fields": {"estudiante": 2, "curso": 7, "asignatura": 11, "fecha": "2025-06-30", "presente": true, "observacion": "Registro automático para 2025-06-30", "justificacion": "", "hora_registro": "23:05:32.005", "profesor_registro": 9, "fecha_creacion": "2025-07-03T23:05:32.007Z", "fecha_modificacion": "2025-07-03T23:05:32.007Z"}}, {"model": "smapp.asistenciaalumno", "pk": 9, "fields": {"estudiante": 2, "curso": 7, "asignatura": 11, "fecha": "2025-06-27", "presente": true, "observacion": "Registro automático para 2025-06-27", "justificacion": "", "hora_registro": "23:05:32.011", "profesor_registro": 9, "fecha_creacion": "2025-07-03T23:05:32.013Z", "fecha_modificacion": "2025-07-03T23:05:32.013Z"}}, {"model": "smapp.asistenciaalumno", "pk": 10, "fields": {"estudiante": 11, "curso": 7, "asignatura": 11, "fecha": "2025-07-03", "presente": true, "observacion": "Registro para juan_perez_alumno", "justificacion": null, "hora_registro": "23:05:32.019", "profesor_registro": 9, "fecha_creacion": "2025-07-03T23:05:32.022Z", "fecha_modificacion": "2025-07-03T23:05:32.022Z"}}, {"model": "smapp.asistenciaalumno", "pk": 11, "fields": {"estudiante": 11, "curso": 7, "asignatura": 11, "fecha": "2025-07-02", "presente": true, "observacion": "Registro para juan_perez_alumno", "justificacion": null, "hora_registro": "23:05:32.026", "profesor_registro": 9, "fecha_creacion": "2025-07-03T23:05:32.027Z", "fecha_modificacion": "2025-07-03T23:05:32.027Z"}}, {"model": "smapp.asistenciaalumno", "pk": 12, "fields": {"estudiante": 11, "curso": 7, "asignatura": 11, "fecha": "2025-07-01", "presente": true, "observacion": "Registro para juan_perez_alumno", "justificacion": null, "hora_registro": "23:05:32.031", "profesor_registro": 9, "fecha_creacion": "2025-07-03T23:05:32.033Z", "fecha_modificacion": "2025-07-03T23:05:32.033Z"}}, {"model": "smapp.asistenciaalumno", "pk": 13, "fields": {"estudiante": 4, "curso": 1, "asignatura": 9, "fecha": "2025-07-03", "presente": true, "observacion": "", "justificacion": "", "hora_registro": "23:15:58", "profesor_registro": 9, "fecha_creacion": "2025-07-03T23:16:07.291Z", "fecha_modificacion": "2025-07-03T23:16:07.291Z"}}, {"model": "smapp.asistenciaalumno", "pk": 14, "fields": {"estudiante": 2, "curso": 3, "asignatura": 9, "fecha": "2025-07-05", "presente": true, "observacion": "", "justificacion": "", "hora_registro": "05:17:35", "profesor_registro": 9, "fecha_creacion": "2025-07-05T05:17:40.004Z", "fecha_modificacion": "2025-07-05T05:17:40.004Z"}}, {"model": "smapp.asistenciaalumno", "pk": 15, "fields": {"estudiante": 13, "curso": 3, "asignatura": 9, "fecha": "2025-07-05", "presente": true, "observacion": "", "justificacion": "", "hora_registro": "05:17:35", "profesor_registro": 9, "fecha_creacion": "2025-07-05T05:17:40.030Z", "fecha_modificacion": "2025-07-05T05:17:40.030Z"}}, {"model": "smapp.asistenciaprofesor", "pk": 1, "fields": {"profesor": 1, "asignatura": null, "curso": null, "fecha": "2025-06-30", "presente": true, "observacion": "Asistencia regular", "justificacion": null, "hora_registro": "08:00:00", "registrado_por_usuario": null, "fecha_creacion": "2025-06-30T19:06:52.777Z", "fecha_modificacion": "2025-06-30T19:06:52.777Z"}}, {"model": "smapp.asistenciaprofesor", "pk": 2, "fields": {"profesor": 1, "asignatura": 1, "curso": 1, "fecha": "2025-06-30", "presente": true, "observacion": "Clase de Biología en 1° BásicoA (2025)", "justificacion": null, "hora_registro": "08:00:00", "registrado_por_usuario": null, "fecha_creacion": "2025-06-30T19:06:52.798Z", "fecha_modificacion": "2025-06-30T19:06:52.798Z"}}, {"model": "smapp.asistenciaprofesor", "pk": 3, "fields": {"profesor": 1, "asignatura": 2, "curso": 2, "fecha": "2025-06-30", "presente": true, "observacion": "Clase de Matemáticas en 1° MedioA (2025)", "justificacion": null, "hora_registro": "10:00:00", "registrado_por_usuario": null, "fecha_creacion": "2025-06-30T19:06:52.809Z", "fecha_modificacion": "2025-06-30T19:06:52.809Z"}}, {"model": "smapp.asistenciaprofesor", "pk": 4, "fields": {"profesor": 1, "asignatura": null, "curso": null, "fecha": "2025-06-27", "presente": true, "observacion": "Asistencia regular", "justificacion": null, "hora_registro": "08:00:00", "registrado_por_usuario": null, "fecha_creacion": "2025-06-30T19:06:52.815Z", "fecha_modificacion": "2025-06-30T19:06:52.815Z"}}, {"model": "smapp.asistenciaprofesor", "pk": 5, "fields": {"profesor": 1, "asignatura": 1, "curso": 1, "fecha": "2025-06-27", "presente": true, "observacion": "Clase de Biología en 1° BásicoA (2025)", "justificacion": null, "hora_registro": "08:00:00", "registrado_por_usuario": null, "fecha_creacion": "2025-06-30T19:06:52.824Z", "fecha_modificacion": "2025-06-30T19:06:52.824Z"}}, {"model": "smapp.asistenciaprofesor", "pk": 6, "fields": {"profesor": 1, "asignatura": 2, "curso": 2, "fecha": "2025-06-27", "presente": true, "observacion": "Clase de Matemáticas en 1° MedioA (2025)", "justificacion": null, "hora_registro": "10:00:00", "registrado_por_usuario": null, "fecha_creacion": "2025-06-30T19:06:52.831Z", "fecha_modificacion": "2025-06-30T19:06:52.831Z"}}, {"model": "smapp.asistenciaprofesor", "pk": 7, "fields": {"profesor": 1, "asignatura": null, "curso": null, "fecha": "2025-06-26", "presente": true, "observacion": "Asistencia regular", "justificacion": null, "hora_registro": "08:00:00", "registrado_por_usuario": null, "fecha_creacion": "2025-06-30T19:06:52.837Z", "fecha_modificacion": "2025-06-30T19:06:52.837Z"}}, {"model": "smapp.asistenciaprofesor", "pk": 8, "fields": {"profesor": 1, "asignatura": 1, "curso": 1, "fecha": "2025-06-26", "presente": true, "observacion": "Clase de Biología en 1° BásicoA (2025)", "justificacion": null, "hora_registro": "08:00:00", "registrado_por_usuario": null, "fecha_creacion": "2025-06-30T19:06:52.847Z", "fecha_modificacion": "2025-06-30T19:06:52.847Z"}}, {"model": "smapp.asistenciaprofesor", "pk": 9, "fields": {"profesor": 1, "asignatura": 2, "curso": 2, "fecha": "2025-06-26", "presente": true, "observacion": "Clase de Matemáticas en 1° MedioA (2025)", "justificacion": null, "hora_registro": "10:00:00", "registrado_por_usuario": null, "fecha_creacion": "2025-06-30T19:06:52.853Z", "fecha_modificacion": "2025-06-30T19:06:52.853Z"}}, {"model": "smapp.asistenciaprofesor", "pk": 10, "fields": {"profesor": 1, "asignatura": null, "curso": null, "fecha": "2025-06-25", "presente": true, "observacion": "Llegada tardía - 15 minutos", "justificacion": null, "hora_registro": "08:00:00", "registrado_por_usuario": null, "fecha_creacion": "2025-06-30T19:06:52.860Z", "fecha_modificacion": "2025-06-30T19:06:52.860Z"}}, {"model": "smapp.asistenciaprofesor", "pk": 11, "fields": {"profesor": 1, "asignatura": 1, "curso": 1, "fecha": "2025-06-25", "presente": true, "observacion": "Clase de Biología en 1° BásicoA (2025)", "justificacion": null, "hora_registro": "08:00:00", "registrado_por_usuario": null, "fecha_creacion": "2025-06-30T19:06:52.868Z", "fecha_modificacion": "2025-06-30T19:06:52.868Z"}}, {"model": "smapp.asistenciaprofesor", "pk": 12, "fields": {"profesor": 1, "asignatura": 2, "curso": 2, "fecha": "2025-06-25", "presente": true, "observacion": "Clase de Matemáticas en 1° MedioA (2025)", "justificacion": null, "hora_registro": "10:00:00", "registrado_por_usuario": null, "fecha_creacion": "2025-06-30T19:06:52.877Z", "fecha_modificacion": "2025-06-30T19:06:52.877Z"}}, {"model": "smapp.asistenciaprofesor", "pk": 13, "fields": {"profesor": 1, "asignatura": null, "curso": null, "fecha": "2025-06-24", "presente": true, "observacion": "Asistencia regular", "justificacion": null, "hora_registro": "08:00:00", "registrado_por_usuario": null, "fecha_creacion": "2025-06-30T19:06:52.883Z", "fecha_modificacion": "2025-06-30T19:06:52.883Z"}}, {"model": "smapp.asistenciaprofesor", "pk": 14, "fields": {"profesor": 1, "asignatura": 1, "curso": 1, "fecha": "2025-06-24", "presente": true, "observacion": "Clase de Biología en 1° BásicoA (2025)", "justificacion": null, "hora_registro": "08:00:00", "registrado_por_usuario": null, "fecha_creacion": "2025-06-30T19:06:52.893Z", "fecha_modificacion": "2025-06-30T19:06:52.893Z"}}, {"model": "smapp.asistenciaprofesor", "pk": 15, "fields": {"profesor": 1, "asignatura": 2, "curso": 2, "fecha": "2025-06-24", "presente": true, "observacion": "Clase de Matemáticas en 1° MedioA (2025)", "justificacion": null, "hora_registro": "10:00:00", "registrado_por_usuario": null, "fecha_creacion": "2025-06-30T19:06:52.901Z", "fecha_modificacion": "2025-06-30T19:06:52.901Z"}}, {"model": "smapp.asistenciaprofesor", "pk": 16, "fields": {"profesor": 1, "asignatura": null, "curso": null, "fecha": "2025-06-29", "presente": false, "observacion": "Falta por enfermedad", "justificacion": "Gripe fuerte - reposo médico de 24 horas. Certificado médico adjunto.", "hora_registro": "07:30:00", "registrado_por_usuario": null, "fecha_creacion": "2025-06-30T19:07:57.097Z", "fecha_modificacion": "2025-06-30T19:07:57.097Z"}}, {"model": "smapp.anotacion", "pk": 1, "fields": {"estudiante": 1, "curso": 1, "asignatura": 1, "profesor_autor": 1, "tipo": "negativa", "categoria": "comportamiento", "titulo": "asd", "descripcion": "asd", "puntos": -3, "fecha_creacion": "2025-06-30T16:12:42.474Z", "fecha_modificacion": "2025-06-30T16:12:42.474Z", "es_grave": false, "requiere_atencion_apoderado": false, "comunicado_apoderado": false, "fecha_comunicacion_apoderado": null}}, {"model": "smapp.anotacion", "pk": 2, "fields": {"estudiante": 1, "curso": 1, "asignatura": 1, "profesor_autor": 1, "tipo": "positiva", "categoria": "comportamiento", "titulo": "Prueba desde script", "descripcion": "Esta es una prueba de anotación desde el script de simulación.", "puntos": 5, "fecha_creacion": "2025-06-30T16:15:56.682Z", "fecha_modificacion": "2025-06-30T18:09:59.235Z", "es_grave": false, "requiere_atencion_apoderado": false, "comunicado_apoderado": false, "fecha_comunicacion_apoderado": null}}, {"model": "smapp.anotacion", "pk": 3, "fields": {"estudiante": 2, "curso": 3, "asignatura": null, "profesor_autor": 1, "tipo": "positiva", "categoria": "comportamiento", "titulo": "asd", "descripcion": "asd", "puntos": 5, "fecha_creacion": "2025-07-02T14:59:36.887Z", "fecha_modificacion": "2025-07-02T14:59:36.887Z", "es_grave": false, "requiere_atencion_apoderado": false, "comunicado_apoderado": false, "fecha_comunicacion_apoderado": null}}, {"model": "smapp.anotacion", "pk": 9, "fields": {"estudiante": 13, "curso": 3, "asignatura": null, "profesor_autor": 1, "tipo": "positiva", "categoria": "disciplina", "titulo": "asdasdasd", "descripcion": "asd", "puntos": 5, "fecha_creacion": "2025-07-03T00:56:22.237Z", "fecha_modificacion": "2025-07-03T00:56:22.237Z", "es_grave": true, "requiere_atencion_apoderado": true, "comunicado_apoderado": false, "fecha_comunicacion_apoderado": null}}, {"model": "smapp.anotacion", "pk": 10, "fields": {"estudiante": 11, "curso": 7, "asignatura": 11, "profesor_autor": 9, "tipo": "positiva", "categoria": "comportamiento", "titulo": "asdasd", "descripcion": "asd", "puntos": 5, "fecha_creacion": "2025-07-05T05:41:36.321Z", "fecha_modificacion": "2025-07-05T05:41:36.321Z", "es_grave": false, "requiere_atencion_apoderado": false, "comunicado_apoderado": false, "fecha_comunicacion_apoderado": null}}, {"model": "smapp.apoderado", "pk": 2, "fields": {"primer_nombre": "Juan", "segundo_nombre": null, "apellido_paterno": "Rodríguez", "apellido_materno": "Silva", "tipo_documento": "CC", "numero_documento": "98765432-5", "fecha_nacimiento": "1980-01-01", "genero": "M", "direccion": "Las Condes 456", "telefono": "+56987654321", "email": "juan.rodriguez@ejemplo.com", "codigo_apoderado": "APO-98765432", "ocupacion": "Contador", "telefono_emergencia": null, "parentesco_principal": "padre", "profesor": null, "user": null, "activo": true, "fecha_registro": null}}, {"model": "smapp.apoderado", "pk": 3, "fields": {"primer_nombre": "Carmen", "segundo_nombre": null, "apellido_paterno": "López", "apellido_materno": "Morales", "tipo_documento": "CC", "numero_documento": "11223344-5", "fecha_nacimiento": "1980-01-01", "genero": "F", "direccion": "Ñuñoa 789", "telefono": "+56911223344", "email": "carmen.lopez@ejemplo.com", "codigo_apoderado": "APO-11223344", "ocupacion": "Profesora", "telefono_emergencia": null, "parentesco_principal": "padre", "profesor": null, "user": null, "activo": true, "fecha_registro": null}}, {"model": "smapp.apoderado", "pk": 4, "fields": {"primer_nombre": "María", "segundo_nombre": null, "apellido_paterno": "González", "apellido_materno": "Pérez", "tipo_documento": "CC", "numero_documento": "55.555.555-5", "fecha_nacimiento": "1982-02-03", "genero": "F", "direccion": "Providencia 123", "telefono": "+56955555555", "email": "maria.gonzalez@ejemplo.com", "codigo_apoderado": "APO-55555555", "ocupacion": "Enfermera", "telefono_emergencia": null, "parentesco_principal": "madre", "profesor": null, "user": ["apoderado_55555555-5"], "activo": true, "fecha_registro": "2025-07-05"}}, {"model": "smapp.apoderado", "pk": 5, "fields": {"primer_nombre": "María", "segundo_nombre": null, "apellido_paterno": "González", "apellido_materno": null, "tipo_documento": "CC", "numero_documento": "33.333.333-3", "fecha_nacimiento": "1975-07-10", "genero": "F", "direccion": null, "telefono": null, "email": "apoderado.maria.gonzalez@escuela.cl", "codigo_apoderado": "APO-PROF-1", "ocupacion": "Profesor", "telefono_emergencia": null, "parentesco_principal": "padre", "profesor": 1, "user": null, "activo": true, "fecha_registro": "2025-07-05"}}, {"model": "smapp.apoderado", "pk": 7, "fields": {"primer_nombre": "zxc", "segundo_nombre": null, "apellido_paterno": "zxc", "apellido_materno": null, "tipo_documento": "CC", "numero_documento": "44.444.444-4", "fecha_nacimiento": "1984-02-01", "genero": "M", "direccion": "Algorta Interior", "telefono": "1231232131", "email": "qwe@qwe.qwe", "codigo_apoderado": "qwe", "ocupacion": "qwe", "telefono_emergencia": "1231232131", "parentesco_principal": "padre", "profesor": null, "user": ["zxc"], "activo": true, "fecha_registro": "2025-07-06"}}, {"model": "smapp.relacionapoderadoestudiante", "pk": 1, "fields": {"apoderado": 4, "estudiante": 1, "parentesco": "madre", "es_apoderado_principal": true, "puede_autorizar": true, "puede_retirar": true, "activa": true, "fecha_asignacion": "2025-07-05"}}, {"model": "smapp.relacionapoderadoestudiante", "pk": 2, "fields": {"apoderado": 2, "estudiante": 1, "parentesco": "padre", "es_apoderado_principal": true, "puede_autorizar": true, "puede_retirar": true, "activa": true, "fecha_asignacion": "2025-07-05"}}, {"model": "smapp.relacionapoderadoestudiante", "pk": 3, "fields": {"apoderado": 3, "estudiante": 2, "parentesco": "madre", "es_apoderado_principal": false, "puede_autorizar": true, "puede_retirar": true, "activa": true, "fecha_asignacion": "2025-07-05"}}, {"model": "smapp.relacionapoderadoestudiante", "pk": 5, "fields": {"apoderado": 5, "estudiante": 14, "parentesco": "padre", "es_apoderado_principal": true, "puede_autorizar": true, "puede_retirar": true, "activa": true, "fecha_asignacion": "2025-07-06"}}, {"model": "smapp.relacionapoderadoestudiante", "pk": 6, "fields": {"apoderado": 5, "estudiante": 19, "parentesco": "padre", "es_apoderado_principal": true, "puede_autorizar": true, "puede_retirar": true, "activa": true, "fecha_asignacion": "2025-07-06"}}, {"model": "smapp.relacionapoderadoestudiante", "pk": 7, "fields": {"apoderado": 5, "estudiante": 1, "parentesco": "padre", "es_apoderado_principal": true, "puede_autorizar": true, "puede_retirar": true, "activa": true, "fecha_asignacion": "2025-07-06"}}, {"model": "smapp.relacionapoderadoestudiante", "pk": 8, "fields": {"apoderado": 7, "estudiante": 22, "parentesco": "padre", "es_apoderado_principal": true, "puede_autorizar": true, "puede_retirar": true, "activa": true, "fecha_asignacion": "2025-07-06"}}, {"model": "smapp.relacionapoderadoestudiante", "pk": 9, "fields": {"apoderado": 7, "estudiante": 11, "parentesco": "padre", "es_apoderado_principal": true, "puede_autorizar": true, "puede_retirar": true, "activa": true, "fecha_asignacion": "2025-07-06"}}, {"model": "smapp.relacionapoderadoestudiante", "pk": 10, "fields": {"apoderado": 7, "estudiante": 15, "parentesco": "padre", "es_apoderado_principal": true, "puede_autorizar": true, "puede_retirar": true, "activa": true, "fecha_asignacion": "2025-07-06"}}]